Date,Open,High,Low,Close,Adj Close,Volume,Name
2012-12-06,26.032,26.33,25.804001,26.228001000000003,23.112387,2056500,ICE
2012-12-07,26.32,26.444,26.087999,26.143998999999997,23.038363,1347500,ICE
2012-12-10,26.059998999999998,26.354,26.035999,26.200001,23.087719,1450000,ICE
2012-12-11,26.24,26.34,25.774,25.823999,22.75638,3207500,ICE
2012-12-12,25.948,26.114,25.77,25.940001000000002,22.858597,2101500,ICE
2012-12-13,25.959999,26.056,25.694,25.844,22.774002,2100500,ICE
2012-12-14,25.83,25.931998999999998,25.542,25.58,22.541363,1911500,ICE
2012-12-17,25.646,25.726,25.042,25.568001000000002,22.53079,3420000,ICE
2012-12-18,25.684,25.834,25.422001,25.608,22.566038,4364000,ICE
2012-12-19,25.58,25.736,25.416,25.662001,22.613623,8459500,ICE
2012-12-20,27.049999,27.08,24.691999,26.02,22.929092,68379000,ICE
2012-12-21,25.506001,25.936001,25.195999,25.25,22.250564999999998,23741000,ICE
2012-12-24,25.233999,25.392,24.941999,25.007998999999998,22.03731,3764500,ICE
2012-12-26,25.014,25.104,24.823999,25.0,22.030260000000002,3805500,ICE
2012-12-27,25.054001,25.158001000000002,24.544001,24.844,21.892792,5796000,ICE
2012-12-28,24.636,24.870001000000002,24.563999,24.732,21.794102,3814500,ICE
2012-12-31,24.714001,24.768,24.566,24.761999,21.820534,5579000,ICE
2013-01-02,25.134001,25.284,24.806,24.983999,22.016163,7525000,ICE
2013-01-03,25.035999,25.389999,24.854,25.384001,22.36865,7744500,ICE
2013-01-04,25.344,26.02,25.236,25.92,22.840977,7896000,ICE
2013-01-07,25.690001000000002,25.798,25.368,25.382,22.366884,5988000,ICE
2013-01-08,25.336,25.455999,25.1,25.436001,22.414474,9003000,ICE
2013-01-09,25.384001,25.606001000000003,25.327999,25.521998999999997,22.490253,10398500,ICE
2013-01-10,25.554001,25.698,25.392,25.6,22.558989,7229500,ICE
2013-01-11,25.544001,25.884001,25.454,25.872,22.798681,4201500,ICE
2013-01-14,25.804001,25.993999,25.694,25.903999,22.826878,4037500,ICE
2013-01-15,25.834,25.834,25.459999,25.718,22.66297,4004500,ICE
2013-01-16,25.591998999999998,25.733999,25.534,25.615999,22.573088000000002,3868000,ICE
2013-01-17,25.714001,26.323999,25.667999,26.242001000000002,23.124725,5911500,ICE
2013-01-18,26.23,26.672001,26.110001,26.666,23.498358,7045000,ICE
2013-01-22,26.514,26.823999,26.156,26.822001,23.635828,7611500,ICE
2013-01-23,26.77,26.902,26.502001,26.712,23.538891,6586000,ICE
2013-01-24,26.746,27.114,26.705999,26.856001000000003,23.665786999999998,6445000,ICE
2013-01-25,26.856001000000003,27.002001,26.688,26.964001,23.760958,5192000,ICE
2013-01-28,26.98,27.17,26.66,27.042,23.829691,10681000,ICE
2013-01-29,27.096001,27.386,26.974001,27.341998999999998,24.094058999999998,6987000,ICE
2013-01-30,27.393998999999997,27.944,27.378,27.780001000000002,24.480026000000002,11572500,ICE
2013-01-31,27.591998999999998,27.888,27.514,27.75,24.453587,7394000,ICE
2013-02-01,27.969998999999998,28.488001,27.83,28.176001,24.828989,8929000,ICE
2013-02-04,27.92,28.280001000000002,27.712,28.266001,24.908293,8337500,ICE
2013-02-05,28.266001,28.719998999999998,28.114,28.708,25.297787,11090000,ICE
2013-02-06,28.474001,29.118,28.212,29.044001,25.593878,13719000,ICE
2013-02-07,29.002001,29.832001,28.732,29.790001,26.251259,8550000,ICE
2013-02-08,29.834,29.931998999999998,29.584,29.799999,26.260069,5682500,ICE
2013-02-11,29.809998999999998,29.99,29.615999,29.966,26.406353000000003,3789500,ICE
2013-02-12,30.0,30.375999,29.959999,30.142,26.561445000000003,7847000,ICE
2013-02-13,30.1,30.374001,29.826,30.362,26.755308000000003,4662500,ICE
2013-02-14,30.290001,31.226,30.174,31.104,27.409167999999998,8397000,ICE
2013-02-15,31.1,31.694,30.969998999999998,31.292,27.574839,8646500,ICE
2013-02-19,31.332001,31.497999,31.030001000000002,31.15,27.449707,6837500,ICE
2013-02-20,31.077999,31.322001,30.908001000000002,30.944,27.268175,5508500,ICE
2013-02-21,30.940001000000002,30.978001000000003,30.549999,30.606001000000003,26.970327,4357000,ICE
2013-02-22,30.764,31.23,30.747999,31.195999,27.490236,4330500,ICE
2013-02-25,31.238001,31.318001000000002,30.07,30.104,26.527958,6389500,ICE
2013-02-26,30.4,30.615999,30.122,30.566,26.935081,3843000,ICE
2013-02-27,30.525999,31.059998999999998,30.26,31.018,27.333387,3023000,ICE
2013-02-28,31.030001000000002,31.246,30.77,30.964001,27.285799,3394000,ICE
2013-03-01,30.865999,30.865999,30.462,30.799999,27.141283,3331000,ICE
2013-03-04,30.761999,31.348,30.582001,31.313999,27.594223,2768000,ICE
2013-03-05,31.416,31.954,31.416,31.705999,27.939659000000002,4208500,ICE
2013-03-06,32.029999,32.458,31.954,32.07,28.260415999999996,3315500,ICE
2013-03-07,32.07,32.098,31.558001,31.747999,27.976671000000003,3503000,ICE
2013-03-08,31.93,32.015999,31.584,31.719998999999998,27.951996,3021000,ICE
2013-03-11,31.638,31.851999,31.334,31.848,28.064790999999996,2893000,ICE
2013-03-12,31.736,31.834,31.632,31.700001,27.934371999999996,2736000,ICE
2013-03-13,31.618,31.972,31.548,31.882,28.094753000000004,2213000,ICE
2013-03-14,31.790001,32.523998,31.738001,32.467999,28.611143,4206500,ICE
2013-03-15,32.481998,32.557999,31.950001,32.195999,28.371456,3262500,ICE
2013-03-18,31.732,32.198002,31.686001,31.969998999999998,28.172296999999997,1999000,ICE
2013-03-19,32.049999,32.192001,31.224001,31.922001,28.129998999999998,3595500,ICE
2013-03-20,31.962,32.476002,31.882,32.32,28.480721000000003,2722000,ICE
2013-03-21,32.396,32.588001,32.057999,32.287997999999995,28.452522,3280500,ICE
2013-03-22,32.326,32.571999,32.222,32.462002000000005,28.605853999999997,2810000,ICE
2013-03-25,32.698002,32.762001,32.240002000000004,32.400002,28.55122,2419000,ICE
2013-03-26,32.521999,32.638,31.875999,32.313999,28.475433000000002,2515000,ICE
2013-03-27,32.099998,32.200001,31.716,31.962,28.165245000000002,3242000,ICE
2013-03-28,31.92,32.636002000000005,31.73,32.613997999999995,28.739797999999997,3289000,ICE
2013-04-01,32.493999,32.641998,31.926001,32.018002,28.214594,2567500,ICE
2013-04-02,32.282001,32.661999,32.060001,32.296001000000004,28.459578000000004,4659500,ICE
2013-04-03,32.380001,32.414001,31.332001,31.365999,27.640046999999996,3693000,ICE
2013-04-04,31.466,31.822001,31.218,31.42,27.687632,2752500,ICE
2013-04-05,31.066,31.096001,30.024,31.011999,27.328097999999997,7387500,ICE
2013-04-08,30.982,31.224001,30.790001,31.194,27.48848,1919000,ICE
2013-04-09,31.181998999999998,31.284,30.834,31.01,27.326335999999998,1612500,ICE
2013-04-10,31.098,31.646,31.098,31.552,27.803953000000003,2073500,ICE
2013-04-11,31.618,31.851999,31.393998999999997,31.664,27.902646999999998,2267000,ICE
2013-04-12,31.620001000000002,31.686001,31.365999,31.639999,27.881497999999997,1508000,ICE
2013-04-15,31.6,31.908001000000002,30.827999,30.832001,27.169481,2443500,ICE
2013-04-16,31.014,31.138,30.664,31.101999,27.407408,2500000,ICE
2013-04-17,30.77,30.944,30.604,30.794001,27.135997999999997,2918000,ICE
2013-04-18,30.834,31.128,30.416,30.482,26.861059,2158000,ICE
2013-04-19,30.57,30.903999,30.511999,30.875999,27.208252,2023000,ICE
2013-04-22,30.888,31.23,30.572001,31.054001,27.365108000000003,2059500,ICE
2013-04-23,31.128,31.58,31.128,31.478001000000003,27.738739000000002,2300500,ICE
2013-04-24,31.568001000000002,31.799999,31.368,31.677999,27.914986,2721500,ICE
2013-04-25,31.718,32.026001,31.566,31.917999,28.126476,2659500,ICE
2013-04-26,31.864,32.076,31.6,31.902,28.112375,1929000,ICE
2013-04-29,31.902,32.428001,31.868,32.377998,28.53183,3246500,ICE
2013-04-30,32.223999,32.703998999999996,32.198002,32.585999,28.715118,9566000,ICE
2013-05-01,31.9,34.146,31.690001000000002,33.312,29.354878999999997,10017500,ICE
2013-05-02,33.330002,34.346001,33.217999,34.312,30.236092,4211500,ICE
2013-05-03,34.526001,34.849998,34.386002000000005,34.403999,30.317159999999998,3441500,ICE
2013-05-06,34.262001,34.507999,34.251999,34.335999,30.257236,2472000,ICE
2013-05-07,34.388,34.521999,34.001999,34.223999,30.158542999999998,3169000,ICE
2013-05-08,34.169998,34.408001,33.931999,34.332001,30.253719,2238000,ICE
2013-05-09,34.363997999999995,34.467999,34.105999,34.242001,30.174409999999998,1663000,ICE
2013-05-10,34.245998,34.470001,34.152,34.419998,30.331260999999998,1691000,ICE
2013-05-13,34.318001,34.740002000000004,34.167999,34.452,30.359463,1557000,ICE
2013-05-14,34.495998,35.23,34.436001,35.181999,31.002746999999996,1973500,ICE
2013-05-15,34.894001,35.540001000000004,34.745998,34.962002000000005,30.808874,3221500,ICE
2013-05-16,34.868,35.192001,34.792,34.804001,30.669645000000003,2498500,ICE
2013-05-17,34.978001,35.636002000000005,34.852001,35.481998,31.267109,3598500,ICE
2013-05-20,35.310001,35.764,35.063999,35.212002000000005,31.029186,3075500,ICE
2013-05-21,35.68,35.82,34.678001,34.698002,30.576241999999997,5379500,ICE
2013-05-22,34.653999,34.875999,33.602001,33.903999,29.876556,8222500,ICE
2013-05-23,33.618,33.889998999999996,33.27,33.658001,29.659781,3263000,ICE
2013-05-24,33.542,33.700001,33.236,33.532001,29.548752,3608000,ICE
2013-05-28,33.905998,34.312,33.77,33.902,29.874792,3604000,ICE
2013-05-29,33.666,34.383998999999996,33.666,34.242001,30.174409999999998,2904500,ICE
2013-05-30,34.259997999999996,35.574001,34.150002,35.487999,31.27239,3896000,ICE
2013-05-31,35.344002,35.391998,34.242001,34.242001,30.174409999999998,4889000,ICE
2013-06-03,34.284,34.310001,33.338001,33.84,29.820159999999998,3281000,ICE
2013-06-04,33.798,33.821999,32.650002,32.952,29.037645,4219000,ICE
2013-06-05,32.702,33.236,32.59,32.967999,29.051743,3600000,ICE
2013-06-06,32.785999,33.872002,32.785999,33.84,29.820159999999998,3263000,ICE
2013-06-07,33.972,34.973999,33.374001,34.939999,30.789492,3509000,ICE
2013-06-10,35.0,35.172001,34.602001,35.015999,30.856465999999998,2535500,ICE
2013-06-11,34.433997999999995,34.618,34.096001,34.228001,30.162073,2743000,ICE
2013-06-12,34.251999,34.605999,34.200001,34.411999,30.324219,2743000,ICE
2013-06-13,34.32,35.099998,34.108002,35.077999,30.911103999999998,2835000,ICE
2013-06-14,35.0,35.043999,34.604,34.630001,30.516323,2449500,ICE
2013-06-17,34.874001,35.919998,34.723999,35.773998,31.524418,4718000,ICE
2013-06-18,36.0,36.824001,35.952,36.613997999999995,32.264637,5312500,ICE
2013-06-19,36.599998,36.599998,35.692001,35.77,31.520905,3183000,ICE
2013-06-20,35.368,35.636002000000005,34.467999,34.694,30.572714,4707000,ICE
2013-06-21,34.812,35.063999,34.068001,34.512001,30.412336,4259500,ICE
2013-06-24,34.082001,34.792,33.740002000000004,34.388,30.303065999999998,4703500,ICE
2013-06-25,34.655998,35.43,34.535999,35.023998,30.863512,4509000,ICE
2013-06-26,35.391998,36.144001,34.889998999999996,35.98,31.705954,5631500,ICE
2013-06-27,35.962002000000005,36.285999,35.644001,35.931999,31.663649,3694500,ICE
2013-06-28,35.82,36.026001,35.551998,35.551998,31.328793,4040500,ICE
2013-07-01,35.919998,36.25,35.585999,35.604,31.374613,3640500,ICE
2013-07-02,35.504002,35.77,34.726002,34.900002,30.754247999999997,7087000,ICE
2013-07-03,34.874001,35.194,34.723999,34.98,30.824739,3617000,ICE
2013-07-05,35.27,35.470001,34.973999,35.405998,31.200132,3260500,ICE
2013-07-08,35.490002000000004,35.916,35.396,35.476002,31.261826,2274500,ICE
2013-07-09,35.799999,35.944,34.708,35.07,30.904047,4648500,ICE
2013-07-10,35.112,35.897999,35.037997999999995,35.854,31.594919,3910500,ICE
2013-07-11,36.147999,36.290001000000004,35.402,35.846001,31.587868,4472500,ICE
2013-07-12,35.869999,36.222,35.731998,36.133998999999996,31.841658000000002,2596500,ICE
2013-07-15,36.167999,36.486,35.956001,36.372002,32.051384000000006,2825500,ICE
2013-07-16,36.324001,36.688,36.248001,36.312,31.998508,3403000,ICE
2013-07-17,36.375999,36.551998,36.108002,36.203998999999996,31.903336,2521500,ICE
2013-07-18,36.298,36.452,36.035999,36.293999,31.982649,1895000,ICE
2013-07-19,36.124001,36.124001,35.492001,35.798,31.545579999999998,2842000,ICE
2013-07-22,35.737999,35.737999,35.273998,35.436001,31.226576,2358500,ICE
2013-07-23,35.450001,35.77,35.298,35.698002,31.457455,2583000,ICE
2013-07-24,35.736,35.889998999999996,35.220001,35.355999,31.156073,2728000,ICE
2013-07-25,35.236,35.751999,35.152,35.73,31.485651,1832000,ICE
2013-07-26,35.563999,35.580002,34.98,35.456001,31.2442,2213500,ICE
2013-07-29,35.293999,35.838001,35.279999,35.650002,31.415155,1943500,ICE
2013-07-30,35.619999,36.026001,35.619999,35.931999,31.663649,1900500,ICE
2013-07-31,36.018002,36.778,35.931999,36.490002000000004,32.155369,4744500,ICE
2013-08-01,36.801998,37.189999,36.605999,37.16,32.745781,3188500,ICE
2013-08-02,37.444,37.756001,36.787997999999995,37.688,33.211059999999996,4672500,ICE
2013-08-05,37.486,37.576,36.948002,37.127998,32.717587,4042000,ICE
2013-08-06,36.875999,37.487999,36.790001000000004,37.363997999999995,32.925545,3223500,ICE
2013-08-07,37.231998,37.264,36.028,36.998001,32.603024,3155500,ICE
2013-08-08,37.076,37.566002000000005,36.900002,37.433997999999995,32.987225,2544500,ICE
2013-08-09,37.41,37.594002,36.925999,36.984001,32.590687,1034000,ICE
2013-08-12,36.787997999999995,36.875999,36.400002,36.627998,32.276973999999996,2144500,ICE
2013-08-13,36.639998999999996,36.722,36.366001000000004,36.599998,32.252293,1938500,ICE
2013-08-14,36.591999,36.720001,36.257999,36.419998,32.093685,1505500,ICE
2013-08-15,36.166,36.237999,35.754002,36.07,31.785259000000003,2232000,ICE
2013-08-16,36.029999,36.48,35.874001,36.358002,32.039059,2342500,ICE
2013-08-19,36.110001000000004,36.734001,36.110001000000004,36.332001,32.016132,2589500,ICE
2013-08-20,36.273998,36.714001,36.119999,36.658001,32.30341,3916000,ICE
2013-08-21,36.490002000000004,36.874001,36.284,36.332001,32.016132,2265000,ICE
2013-08-22,36.445999,37.242001,36.341999,37.102001,32.694675,2576000,ICE
2013-08-23,37.104,37.287997999999995,36.806,37.066002000000005,32.662949,2835000,ICE
2013-08-26,37.068001,37.296001000000004,36.639998999999996,36.674,32.317513,2495000,ICE
2013-08-27,36.382,36.515999,35.854,36.048,31.765873,3233500,ICE
2013-08-28,36.049999,36.594002,35.852001,35.986,31.711231,2283500,ICE
2013-08-29,35.888,36.335999,35.866001000000004,36.054001,31.771156,2115500,ICE
2013-08-30,35.98,36.122002,35.714001,35.950001,31.679508000000002,2110500,ICE
2013-09-03,36.445999,36.796001000000004,36.164001,36.334,32.017914000000005,2583000,ICE
2013-09-04,36.312,36.720001,35.889998999999996,36.59,32.243491999999996,2538000,ICE
2013-09-05,36.534,36.646,36.172001,36.200001,31.899821999999997,3186000,ICE
2013-09-06,36.389998999999996,36.403999,35.452,35.877998,31.616064,4139500,ICE
2013-09-09,35.807999,36.292,35.807999,36.285999,31.975601,3462500,ICE
2013-09-10,36.5,36.594002,36.181999,36.200001,31.899821999999997,3332500,ICE
2013-09-11,36.189999,36.344002,36.026001,36.310001,31.996756,2383500,ICE
2013-09-12,36.262001,36.394001,35.93,36.0,31.723574,2688500,ICE
2013-09-13,36.150002,36.198002,35.683997999999995,36.105999,31.816986,2818000,ICE
2013-09-16,36.478001,36.546001000000004,36.138,36.214001,31.912153000000004,2786500,ICE
2013-09-17,36.338001,36.464001,36.217999,36.32,32.005565999999995,2930500,ICE
2013-09-18,36.386002000000005,36.459998999999996,36.153999,36.344002,32.026722,2743000,ICE
2013-09-19,36.400002,36.632,36.206001,36.594002,32.247021000000004,2899500,ICE
2013-09-20,36.633998999999996,36.990002000000004,36.310001,36.425999,32.098971999999996,3190000,ICE
2013-09-23,36.259997999999996,36.346001,35.919998,36.228001,31.924485999999998,1793500,ICE
2013-09-24,36.153999,36.438,35.967999,36.138,31.845182,2013000,ICE
2013-09-25,36.181999,36.324001,35.720001,35.779999,31.529711,2796000,ICE
2013-09-26,35.852001,36.155998,35.722,35.984001,31.709482,1951500,ICE
2013-09-27,35.77,36.400002,35.686001,36.256001,31.949173,1899000,ICE
2013-09-30,35.894001,36.352001,35.681999,36.284,31.973845,2765500,ICE
2013-10-01,36.217999,36.846001,36.164001,36.785999,32.416206,3542500,ICE
2013-10-02,36.515999,36.821999,35.82,36.821999,32.447933,5870500,ICE
2013-10-03,36.778,37.703998999999996,36.756001,37.605999,33.138794,5790500,ICE
2013-10-04,37.742001,38.756001,37.576,38.73,34.129276000000004,5952000,ICE
2013-10-07,38.400002,38.868,38.307999,38.599998,34.014728999999996,3443000,ICE
2013-10-08,38.5,38.740002000000004,37.535999,37.931999,33.426075,5485500,ICE
2013-10-09,37.98,38.240002000000004,37.470001,37.792,33.302704,4723000,ICE
2013-10-10,38.132,38.939999,38.001999,38.632,34.042919,4279500,ICE
2013-10-11,38.514,39.051998,38.439999,38.936001,34.310821999999995,2995500,ICE
2013-10-14,38.778,39.242001,38.622002,39.132,34.483528,1445500,ICE
2013-10-15,38.945999,39.208,38.683997999999995,38.824001,34.21212,2421000,ICE
2013-10-16,39.146,39.495998,38.888,39.102001,34.457091999999996,1834500,ICE
2013-10-17,38.998001,39.52,38.827999,39.450001,34.763756,2551000,ICE
2013-10-18,39.416,39.706001,39.194,39.644001,34.934708,3186000,ICE
2013-10-21,39.683997999999995,39.683997999999995,39.313999,39.450001,34.763756,1974000,ICE
2013-10-22,39.495998,39.692001,39.152,39.493999,34.802525,1965000,ICE
2013-10-23,39.419998,39.419998,38.970001,39.188,34.532871,3684000,ICE
2013-10-24,39.216,39.366001000000004,39.056,39.240002000000004,34.578701,2516000,ICE
2013-10-25,39.279999,39.411999,39.049999,39.200001,34.543449,2162000,ICE
2013-10-28,39.264,39.264,38.557999,38.762001,34.157475,3016000,ICE
2013-10-29,38.722,39.037997999999995,38.355999,38.57,33.988289,5115000,ICE
2013-10-30,38.610001000000004,38.762001,38.094002,38.119999,33.59174,4527000,ICE
2013-10-31,38.292,38.818001,38.278,38.546001000000004,33.967148,4232500,ICE
2013-11-01,38.936001,39.262001,38.612,39.07,34.42889,3568500,ICE
2013-11-04,39.102001,39.212002000000005,38.442001,38.768002,34.162769,3493500,ICE
2013-11-05,39.754002,40.174,39.091999,39.594002,34.890644,5027500,ICE
2013-11-06,39.762001,39.992001,39.400002,39.959998999999996,35.213173,3864500,ICE
2013-11-07,39.959998999999996,40.487999,39.787997999999995,40.066002000000005,35.306583,6506000,ICE
2013-11-08,40.057999,41.049999,40.057999,40.84,35.988628000000006,3399000,ICE
2013-11-11,40.84,41.16,40.458,40.543999,35.727802000000004,1762500,ICE
2013-11-12,40.481998,40.636002000000005,39.560001,39.560001,34.860687,9424500,ICE
2013-11-13,39.638,40.284,39.560001,39.967999,35.220219,3813000,ICE
2013-11-14,40.099998,40.113997999999995,39.349998,39.832001,35.10038,4250500,ICE
2013-11-15,39.799999,40.688,39.799999,40.472,35.664352,3999000,ICE
2013-11-18,40.866001000000004,40.903999,40.254002,40.633998999999996,35.807102,4699500,ICE
2013-11-19,40.717999,41.568001,40.717999,41.284,36.379902,8981500,ICE
2013-11-20,41.389998999999996,42.646,41.200001,42.613997999999995,37.551899,8391500,ICE
2013-11-21,43.040001000000004,43.208,42.613997999999995,43.141998,38.017181,7203000,ICE
2013-11-22,43.141998,43.625999,42.976002,43.481998,38.316792,4623500,ICE
2013-11-25,43.576,43.610001000000004,43.119999,43.264,38.124687,3283000,ICE
2013-11-26,43.200001,43.326,42.655998,42.655998,37.588913,6380000,ICE
2013-11-27,42.787997999999995,43.125999,42.542,42.883998999999996,37.789833,2293000,ICE
2013-11-29,43.0,43.057999,42.624001,42.658001,37.590672,1023500,ICE
2013-12-02,42.765999,43.192001,42.532001,42.978001,37.872665000000005,4442500,ICE
2013-12-03,42.830002,42.883998999999996,42.425999,42.542,37.488453,4220500,ICE
2013-12-04,42.208,42.736,42.074001,42.459998999999996,37.416191,3011000,ICE
2013-12-05,42.354,42.675999,42.189999,42.529999,37.477878999999994,6012000,ICE
2013-12-06,42.875999,43.700001,42.700001,43.639998999999996,38.456024,4871000,ICE
2013-12-09,43.248001,43.804001,43.144001,43.473999,38.309746000000004,3734000,ICE
2013-12-10,43.458,43.618,43.188,43.354,38.203995,2632000,ICE
2013-12-11,43.652,44.014,43.338001,43.700001,38.5089,5349000,ICE
2013-12-12,43.372002,43.897999,43.153999,43.566002000000005,38.505367,6980500,ICE
2013-12-13,43.765999,44.25,43.714001,44.088001,38.966728,4658000,ICE
2013-12-16,44.200001,44.478001,44.021999,44.368,39.214199,5095500,ICE
2013-12-17,44.458,44.632,43.958,44.444,39.281372,5837000,ICE
2013-12-18,44.316002000000005,45.139998999999996,43.953998999999996,45.029999,39.799296999999996,7343000,ICE
2013-12-19,45.0,45.175999,44.411999,44.526001,39.353844,4231000,ICE
2013-12-20,44.599998,45.147999,44.422001,44.891998,39.67733,12573500,ICE
2013-12-23,45.313999,45.332001,44.782001,45.212002000000005,39.960159000000004,3870000,ICE
2013-12-24,45.202,45.216,44.754002,45.202,39.951316999999996,1404000,ICE
2013-12-26,45.245998,45.414001,44.816002000000005,44.972,39.748039,1746000,ICE
2013-12-27,44.936001,45.125999,44.723999,44.948002,39.726826,2186000,ICE
2013-12-30,45.076,45.139998999999996,44.377998,44.703998999999996,39.511169,1718000,ICE
2013-12-31,44.700001,45.178001,44.490002000000004,44.984001,39.758648,2211000,ICE
2014-01-02,44.832001,45.098,44.43,44.919998,39.702076,3833500,ICE
2014-01-03,44.919998,45.391998,44.894001,45.175999,39.928345,4864000,ICE
2014-01-06,45.380001,45.764,45.202,45.292,40.030871999999995,3358500,ICE
2014-01-07,45.768002,45.900002,45.209998999999996,45.563999,40.271271,4283000,ICE
2014-01-08,45.433997999999995,45.641998,44.998001,45.402,40.12809,3239500,ICE
2014-01-09,45.588001,45.771999,45.400002,45.506001,40.220015999999994,2715000,ICE
2014-01-10,45.290001000000004,45.476002,44.810001,45.066002000000005,39.831123,3007500,ICE
2014-01-13,45.0,45.112,44.001999,44.102001,38.979095,3104500,ICE
2014-01-14,44.212002000000005,44.265999,43.655998,43.959998999999996,38.853596,4922000,ICE
2014-01-15,43.942001,43.998001,41.664001,42.175999,37.276817,18126000,ICE
2014-01-16,41.759997999999996,42.532001,41.619999,41.866001000000004,37.002831,6980500,ICE
2014-01-17,41.804001,42.062,41.206001,41.374001,36.567986,8568000,ICE
2014-01-21,41.675999,42.466,41.523998,41.599998,36.767727,7743000,ICE
2014-01-22,41.832001,42.195999,41.473999,41.995998,37.117729,5814000,ICE
2014-01-23,41.630001,41.798,41.195999,41.377998,36.571521999999995,5182000,ICE
2014-01-24,41.200001,41.403999,40.868,40.872002,36.124297999999996,6562000,ICE
2014-01-27,41.646,41.646,40.521999,40.632,35.91217,7131500,ICE
2014-01-28,41.799999,41.799999,40.799999,41.380001,36.573284,4005500,ICE
2014-01-29,40.608002,41.526001,40.608002,40.956001,36.198532,4184500,ICE
2014-01-30,40.202,41.91,40.202,41.860001000000004,36.997528,2909000,ICE
2014-01-31,41.119999,42.049999,41.119999,41.757999,36.907375,4142000,ICE
2014-02-03,41.636002000000005,41.716,40.599998,40.689999,35.963428,5956500,ICE
2014-02-04,40.624001,41.799999,40.580002,41.773998,36.921516,5225500,ICE
2014-02-05,41.736,42.102001,41.0,41.512001,36.689953,3559000,ICE
2014-02-06,41.622002,42.116001000000004,41.476002,42.084,37.195510999999996,4082000,ICE
2014-02-07,42.035999,43.259997999999996,42.035999,43.105999,38.098793,6084000,ICE
2014-02-10,43.119999,43.380001,42.254002,42.422001,37.494246999999994,7185000,ICE
2014-02-11,42.68,43.397999,42.422001,43.296001000000004,38.266727,6399000,ICE
2014-02-12,43.310001,43.75,42.694,43.481998,38.431114,5858000,ICE
2014-02-13,43.292,43.966,43.147999,43.382,38.342735,3558500,ICE
2014-02-14,43.25,43.400002,42.644001,42.970001,37.978584000000005,3447500,ICE
2014-02-18,42.976002,43.689999,42.970001,43.389998999999996,38.349808,4050000,ICE
2014-02-19,43.094002,43.276001,42.316002000000005,42.355999,37.435921,4185000,ICE
2014-02-20,42.481998,42.666,41.93,42.049999,37.165455,3335500,ICE
2014-02-21,42.273998,42.785999,42.015999,42.582001,37.635658,4760000,ICE
2014-02-24,42.534,43.279999,42.453998999999996,43.063999,38.061676,3430000,ICE
2014-02-25,42.93,43.442001,42.658001,42.846001,37.868996,3460500,ICE
2014-02-26,43.046001000000004,43.054001,41.734001,41.778,36.925053000000005,5333500,ICE
2014-02-27,42.692001,42.692001,41.25,41.816002000000005,36.958637,4375500,ICE
2014-02-28,41.854,42.344002,41.537997999999995,41.768002,36.916218,3740000,ICE
2014-03-03,41.481998,42.124001,41.341999,41.995998,37.117729,3868500,ICE
2014-03-04,42.304001,43.077999,42.254002,42.984001,37.990963,2778500,ICE
2014-03-05,42.916,43.216,42.534,42.779999,37.810660999999996,3687000,ICE
2014-03-06,42.91,43.868,42.91,42.993999,37.999802,5162500,ICE
2014-03-07,43.146,43.242001,42.408001,42.528,37.587936,4726500,ICE
2014-03-10,42.52,42.566002000000005,41.914001,42.056,37.170761,2993000,ICE
2014-03-11,42.380001,42.380001,41.537997999999995,41.689999,36.847275,3448000,ICE
2014-03-12,41.59,41.883998999999996,41.208,41.827999,36.96925,2843500,ICE
2014-03-13,41.834,41.902,40.688,40.810001,36.181953,3518000,ICE
2014-03-14,40.804001,41.200001,40.599998,40.986,36.337986,3928000,ICE
2014-03-17,41.200001,41.900002,41.152,41.832001,37.088055,3482500,ICE
2014-03-18,41.832001,41.832001,41.130001,41.188,36.517086,4118000,ICE
2014-03-19,41.153999,41.326,40.566002000000005,40.695999,36.080878999999996,5113000,ICE
2014-03-20,40.810001,41.085999,40.388,40.681999,36.068466,4548000,ICE
2014-03-21,41.240002000000004,41.549999,40.77,40.77,36.146488,11172500,ICE
2014-03-24,40.683997999999995,41.034,40.683997999999995,40.754002,36.132301,4840000,ICE
2014-03-25,40.844002,40.995998,39.942001,39.995998,35.460258,6375500,ICE
2014-03-26,40.068001,40.448002,39.862,39.894001,35.369831,4237500,ICE
2014-03-27,39.972,40.099998,39.108002,39.883998999999996,35.360962,5386000,ICE
2014-03-28,39.984001,40.054001,39.068001,39.234001,34.784683,6475500,ICE
2014-03-31,39.335999,40.222,39.276001,39.566002000000005,35.079029,9161500,ICE
2014-04-01,39.518002,39.610001000000004,38.448002,38.627998,34.247395000000004,8806500,ICE
2014-04-02,38.688,40.279999,38.688,40.057999,35.515228,8214000,ICE
2014-04-03,40.908001,41.046001000000004,40.116001000000004,40.436001,35.850361,7721500,ICE
2014-04-04,40.467999,40.667999,39.284,39.310001,34.852058,7079000,ICE
2014-04-07,39.292,39.349998,38.436001,38.453998999999996,34.093128,6929500,ICE
2014-04-08,38.515999,38.796001000000004,38.043999,38.383998999999996,34.031063,5008000,ICE
2014-04-09,38.41,38.832001,38.293999,38.540001000000004,34.16938,3669000,ICE
2014-04-10,38.566002000000005,38.782001,37.818001,38.102001,33.781052,4712500,ICE
2014-04-11,37.818001,38.237999,37.66,37.826,33.53635,4214000,ICE
2014-04-14,37.939999,38.425999,37.756001,38.304001,33.96014,4331000,ICE
2014-04-15,38.310001,39.344002,38.251999,38.77,34.373298999999996,5369000,ICE
2014-04-16,38.919998,39.678001,38.790001000000004,39.605999,35.114487,5117500,ICE
2014-04-17,39.512001,39.784,39.172001,39.653999,35.157047,3164500,ICE
2014-04-21,39.580002,40.138,39.257999,40.118,35.56842,2650500,ICE
2014-04-22,40.076,40.970001,39.759997999999996,40.765999,36.142933,4071500,ICE
2014-04-23,40.745998,41.214001,40.245998,40.858002,36.224503000000006,5241500,ICE
2014-04-24,40.889998999999996,41.245998,40.540001000000004,41.153999,36.486934999999995,4121000,ICE
2014-04-25,41.066002000000005,41.150002,40.386002000000005,40.490002000000004,35.898235,3830500,ICE
2014-04-28,40.618,40.647999,39.928001,40.318001,35.745746999999994,4508000,ICE
2014-04-29,40.512001,40.759997999999996,40.216,40.669998,36.057827,3401000,ICE
2014-04-30,40.716,40.987999,40.321999,40.888,36.251106,3212000,ICE
2014-05-01,40.956001,41.200001,40.703998999999996,41.096001,36.435520000000004,2665000,ICE
2014-05-02,41.167999,41.400002,40.419998,40.459998999999996,35.871639,3130500,ICE
2014-05-05,40.349998,40.566002000000005,39.858002,40.453998999999996,35.866318,2859000,ICE
2014-05-06,40.23,40.332001,39.582001,39.641998,35.146404,3668500,ICE
2014-05-07,39.734001,40.417999,39.512001,40.349998,35.774124,5052500,ICE
2014-05-08,39.650002,39.650002,38.167999,38.428001,34.070071999999996,15803000,ICE
2014-05-09,38.374001,38.459998999999996,37.380001,37.646,33.376754999999996,13982000,ICE
2014-05-12,37.728001,38.334,37.728001,38.271999,33.931778,5364500,ICE
2014-05-13,38.242001,38.391998,37.986,38.164001,33.836014,3025000,ICE
2014-05-14,38.164001,38.405998,37.826,38.366001000000004,34.01511,3740000,ICE
2014-05-15,38.240002000000004,38.366001000000004,37.448002,37.813999,33.525711,6375000,ICE
2014-05-16,37.813999,37.905998,37.419998,37.702,33.426414,4882500,ICE
2014-05-19,37.442001,38.352001,37.383998999999996,38.312,33.967236,3673500,ICE
2014-05-20,38.265999,38.293999,37.444,37.576,33.314701,4298000,ICE
2014-05-21,37.728001,38.540001000000004,37.605999,38.438,34.078949,3449500,ICE
2014-05-22,38.389998999999996,38.993999,38.243999,38.77,34.373298999999996,2892000,ICE
2014-05-23,38.722,38.722,38.174,38.534,34.164055,2888500,ICE
2014-05-27,38.700001,39.722,38.518002,39.478001,35.001007,4146500,ICE
2014-05-28,39.360001000000004,39.386002000000005,38.830002,39.16,34.719066999999995,2843000,ICE
2014-05-29,39.374001,39.374001,38.869999,39.0,34.577213,3231000,ICE
2014-05-30,39.0,39.514,38.914001,39.279999,34.825459,4207500,ICE
2014-06-02,39.400002,39.417999,38.661999,38.838001,34.43359,3358000,ICE
2014-06-03,38.806,39.326,38.751999,38.959998999999996,34.541748,3875500,ICE
2014-06-04,38.790001000000004,38.984001,38.32,38.568001,34.19421,4771000,ICE
2014-06-05,38.523998,38.556,37.646,38.084,33.765099,6726000,ICE
2014-06-06,38.200001,38.284,37.832001,38.009997999999996,33.699478000000006,2996000,ICE
2014-06-09,37.902,38.25,37.728001,37.782001,33.497345,4880000,ICE
2014-06-10,37.612,38.082001,37.599998,38.023998,33.711895,5450000,ICE
2014-06-11,37.998001,37.998001,37.400002,37.667999,33.396271,3882000,ICE
2014-06-12,37.52,38.624001,37.464001,38.403999,34.166721,5386500,ICE
2014-06-13,38.394001,38.726002,38.259997999999996,38.652,34.38736,3651500,ICE
2014-06-16,38.689999,38.838001,38.296001000000004,38.504002,34.25568,2484000,ICE
2014-06-17,38.521999,39.048,38.346001,38.931999,34.636463,4204500,ICE
2014-06-18,38.849998,39.778,38.784,39.636002000000005,35.262791,5349000,ICE
2014-06-19,40.599998,40.599998,38.924,39.391998,35.0457,4813500,ICE
2014-06-20,39.585999,39.585999,38.674,38.972,34.672053999999996,6216500,ICE
2014-06-23,38.948002,39.695999,38.723999,39.638,35.264571999999994,3242000,ICE
2014-06-24,38.821999,39.015999,37.942001,38.035999,33.839329,9334500,ICE
2014-06-25,38.049999,38.236,37.433997999999995,37.585999,33.438972,5255500,ICE
2014-06-26,37.526001,37.894001,37.495998,37.849998,33.673843,2843000,ICE
2014-06-27,37.681999,37.98,37.139998999999996,37.585999,33.438972,4859000,ICE
2014-06-30,37.661999,38.021999,37.608002,37.779999,33.611571999999995,4153000,ICE
2014-07-01,37.967999,38.133998999999996,37.234001,37.264,33.1525,4638500,ICE
2014-07-02,37.298,37.630001,37.139998999999996,37.543999,33.401604,4284500,ICE
2014-07-03,37.695999,38.194,37.695999,38.057999,33.858887,2572500,ICE
2014-07-07,38.060001,38.060001,37.689999,37.882,33.70232,2819500,ICE
2014-07-08,37.849998,37.849998,36.914001,37.077999,32.987019000000004,4807500,ICE
2014-07-09,37.099998,37.425999,36.855999,37.382,33.257473,4006000,ICE
2014-07-10,36.953998999999996,37.077999,36.48,36.689999,32.64183,3868500,ICE
2014-07-11,36.712002000000005,36.93,36.562,36.880001,32.810867,6485000,ICE
2014-07-14,37.192001,37.504002,37.007999,37.301998,33.18631,3281000,ICE
2014-07-15,37.220001,37.698002,37.161999,37.509997999999996,33.371357,3823500,ICE
2014-07-16,37.548,37.852001,37.548,37.765999,33.599113,4780500,ICE
2014-07-17,37.622002,38.287997999999995,37.622002,38.243999,34.024372,6490000,ICE
2014-07-18,38.32,39.348,38.220001,38.872002,34.583084,8509000,ICE
2014-07-21,38.610001000000004,39.344002,38.512001,39.285999,34.951405,5572500,ICE
2014-07-22,38.894001,39.841999,38.849998,39.796001000000004,35.405132,6724500,ICE
2014-07-23,39.681999,39.834,39.155998,39.504002,35.145351,5005000,ICE
2014-07-24,39.486,39.486,39.088001,39.192001,34.867775,5126000,ICE
2014-07-25,39.192001,39.506001,39.136002000000005,39.348,35.006565,5425500,ICE
2014-07-28,39.265999,39.43,38.812,39.198002,34.873108,5808500,ICE
2014-07-29,39.243999,39.717999,39.015999,39.077999,34.766354,4759000,ICE
2014-07-30,39.310001,39.360001000000004,38.966,39.214001,34.887347999999996,3605000,ICE
2014-07-31,39.066002000000005,39.245998,38.431999,38.444,34.202309,4440500,ICE
2014-08-01,38.402,38.666,38.102001,38.436001,34.195190000000004,3880500,ICE
2014-08-04,38.548,38.894001,38.382,38.790001000000004,34.510132,3458000,ICE
2014-08-05,38.548,38.59,38.231998,38.231998,34.013702,4034000,ICE
2014-08-06,38.166,38.948002,38.074001,38.444,34.202309,3935000,ICE
2014-08-07,38.556,38.605999,37.214001,37.669998,33.513706,7279500,ICE
2014-08-08,37.799999,38.313999,37.470001,38.27,34.047503999999996,5131000,ICE
2014-08-11,38.448002,38.599998,37.816002000000005,37.869999,33.691635,3510000,ICE
2014-08-12,37.688,37.925999,37.344002,37.568001,33.422962,2642500,ICE
2014-08-13,37.627998,37.807999,37.397999,37.543999,33.401604,3008000,ICE
2014-08-14,37.678001,37.897999,37.630001,37.862,33.684521000000004,2694000,ICE
2014-08-15,37.986,37.986,37.34,37.52,33.380257,3548500,ICE
2014-08-18,37.827999,38.054001,37.816002000000005,38.0,33.807297,3192000,ICE
2014-08-19,37.933997999999995,37.967999,37.056,37.138,33.040405,5475000,ICE
2014-08-20,37.105999,37.445999,37.071999,37.382,33.257473,3645500,ICE
2014-08-21,37.383998999999996,37.73,37.104,37.714001,33.552849,4654000,ICE
2014-08-22,37.596001,37.972,37.557999,37.82,33.647144,2437000,ICE
2014-08-25,37.995998,38.035999,37.835999,37.914001,33.730785,2944500,ICE
2014-08-26,37.866001000000004,38.015999,37.714001,37.877998,33.698757,4281500,ICE
2014-08-27,37.936001,38.049999,37.334,37.633998999999996,33.481674,3999500,ICE
2014-08-28,37.498001,37.804001,37.484001,37.737999,33.574203000000004,3380500,ICE
2014-08-29,37.818001,38.0,37.694,37.799999,33.62936,2873000,ICE
2014-09-02,37.990002000000004,38.023998,37.431999,37.66,33.50481,3023000,ICE
2014-09-03,37.776001,37.959998999999996,36.987999,37.068001,32.978127,3247500,ICE
2014-09-04,36.922001,37.470001,36.922001,37.124001,33.02795,3307000,ICE
2014-09-05,37.099998,37.358002,36.854,37.334,33.214771,4384500,ICE
2014-09-08,37.200001,37.632,37.200001,37.487999,33.351788,3233000,ICE
2014-09-09,37.458,37.922001,37.327999,37.431999,33.301964,4205500,ICE
2014-09-10,37.650002,38.138,37.506001,38.049999,33.85178,4653500,ICE
2014-09-11,37.900002,38.091999,37.712002000000005,38.068001,33.867794,3741500,ICE
2014-09-12,37.933997999999995,39.41,37.874001,38.936001,34.758720000000004,6868500,ICE
2014-09-15,38.807999,39.200001,38.708,39.112,34.91584,6613500,ICE
2014-09-16,38.860001000000004,39.537997999999995,38.666,39.362,35.139015,4145500,ICE
2014-09-17,39.417999,40.424,39.360001000000004,40.366001000000004,36.035305,8601500,ICE
2014-09-18,40.490002000000004,41.026001,40.405998,40.810001,36.431667,7145500,ICE
2014-09-19,41.007999,41.007999,40.462002000000005,40.759997999999996,36.387028,4374500,ICE
2014-09-22,40.73,40.756001,39.976002,40.152,35.844260999999996,3631500,ICE
2014-09-23,40.012001,40.313999,39.787997999999995,39.902,35.621082,2806000,ICE
2014-09-24,39.868,40.029999,39.641998,39.810001,35.538948,3923500,ICE
2014-09-25,39.720001,39.848,39.028,39.125999,34.928333,3324500,ICE
2014-09-26,39.125999,39.400002,38.889998999999996,39.293999,35.078312,2781500,ICE
2014-09-29,39.051998,39.153999,38.862,39.040001000000004,34.851566,3201000,ICE
2014-09-30,39.138,39.237999,38.82,39.009997999999996,34.824776,2783000,ICE
2014-10-01,39.009997999999996,39.066002000000005,38.683997999999995,38.816002000000005,34.651596000000005,3449000,ICE
2014-10-02,39.136002000000005,39.832001,39.068001,39.546001000000004,35.303272,4957000,ICE
2014-10-03,39.694,40.0,39.400002,39.683997999999995,35.426468,3724000,ICE
2014-10-06,39.849998,40.375999,39.782001,39.82,35.547878000000004,4785000,ICE
2014-10-07,39.931999,39.987999,39.271999,39.271999,35.058665999999995,2965500,ICE
2014-10-08,39.543999,40.279999,39.450001,40.268002,35.947819,3994500,ICE
2014-10-09,40.200001,40.759997999999996,40.161999,40.602001,36.245979,8520500,ICE
2014-10-10,40.73,41.639998999999996,40.354,40.720001,36.351321999999996,7583500,ICE
2014-10-13,40.675999,40.869999,39.716,39.731998,35.469318,7475500,ICE
2014-10-14,39.712002000000005,40.487999,39.683997999999995,40.214001,35.899609000000005,4698000,ICE
2014-10-15,39.807999,40.756001,39.25,40.576,36.222775,5956500,ICE
2014-10-16,39.734001,40.560001,39.450001,39.535999,35.29435,5543000,ICE
2014-10-17,39.742001,39.972,39.029999,39.321999,35.10331,5399500,ICE
2014-10-20,39.478001,40.043999,39.25,39.976002,35.687141,3160500,ICE
2014-10-21,40.16,40.237999,39.537997999999995,39.900002,35.619301,4734500,ICE
2014-10-22,39.776001,40.034,39.374001,39.745998,35.481815000000005,2519000,ICE
2014-10-23,40.048,40.678001,39.891998,40.627998,36.269192,3418000,ICE
2014-10-24,40.672001,41.346001,40.650002,41.318001,36.88517,3524000,ICE
2014-10-27,41.301998,41.438,40.785999,41.133998999999996,36.720905,2123500,ICE
2014-10-28,41.166,41.32,40.736,41.082001,36.674488000000004,2290000,ICE
2014-10-29,40.995998,41.254002,40.619999,41.186001,36.767326000000004,2409000,ICE
2014-10-30,41.051998,41.220001,40.52,40.745998,36.374531,2953500,ICE
2014-10-31,40.914001,41.66,40.914001,41.658001,37.18869,3601500,ICE
2014-11-03,41.689999,42.23,41.689999,41.958,37.456501,5635000,ICE
2014-11-04,42.032001,43.543999,41.689999,43.504002,38.836647,7890000,ICE
2014-11-05,43.667999,43.992001,43.248001,43.484001,38.818787,6165500,ICE
2014-11-06,43.237999,44.049999,43.237999,43.984001,39.265141,4463000,ICE
2014-11-07,44.091999,44.091999,43.650002,43.708,39.018757,3727500,ICE
2014-11-10,43.599998,43.889998999999996,42.869999,43.866001000000004,39.159797999999995,3919500,ICE
2014-11-11,43.846001,44.290001000000004,43.816002000000005,44.248001,39.500816,3190000,ICE
2014-11-12,44.231998,44.400002,44.077999,44.240002000000004,39.493683000000004,4218000,ICE
2014-11-13,44.369999,44.709998999999996,44.110001000000004,44.641998,39.852543,3992000,ICE
2014-11-14,44.529999,44.672001,44.264,44.512001,39.736496,3463500,ICE
2014-11-17,44.312,44.848,44.223999,44.439999,39.672211,2262000,ICE
2014-11-18,44.439999,44.702,43.966,43.990002000000004,39.270496,3317500,ICE
2014-11-19,44.206001,44.248001,43.82,44.144001,39.407973999999996,2471500,ICE
2014-11-20,43.900002,44.183997999999995,43.799999,43.970001,39.252644000000004,2662500,ICE
2014-11-21,44.25,44.448002,43.875999,44.057999,39.331207,3354000,ICE
2014-11-24,44.166,44.638,43.880001,44.344002,39.586521000000005,3979500,ICE
2014-11-25,44.254002,44.478001,43.91,44.216,39.472256,2830500,ICE
2014-11-26,44.0,44.220001,43.832001,44.164001,39.425827000000005,2785500,ICE
2014-11-28,44.389998999999996,45.332001,44.074001,45.198002,40.348896,2720000,ICE
2014-12-01,45.202,45.220001,44.646,44.764,39.961456,2721500,ICE
2014-12-02,44.902,45.174,44.695999,44.945999,40.123932,2796000,ICE
2014-12-03,44.855999,45.312,44.751999,45.265999,40.409595,3474000,ICE
2014-12-04,45.312,45.542,45.049999,45.41,40.538154999999996,2818500,ICE
2014-12-05,44.995998,45.757999,44.77,44.953998999999996,40.131069000000004,3951500,ICE
2014-12-08,44.869999,45.417999,44.650002,45.167999,40.322109000000005,2776500,ICE
2014-12-09,45.02,45.043999,44.453998999999996,44.894001,40.077507000000004,4748000,ICE
2014-12-10,44.886002000000005,45.068001,44.591999,44.610001000000004,39.823978000000004,3708500,ICE
2014-12-11,44.793999,45.349998,44.793999,45.09,40.252483000000005,5927000,ICE
2014-12-12,44.722,45.108002,43.782001,43.818001,39.230061,3837000,ICE
2014-12-15,43.883998999999996,44.383998999999996,43.675999,43.896,39.299892,3735500,ICE
2014-12-16,43.849998,43.849998,42.939999,42.993999,38.492336,5262000,ICE
2014-12-17,43.195999,44.436001,43.023998,44.318001,39.677710999999995,4444000,ICE
2014-12-18,44.452,44.801998,44.335999,44.798,40.107449,3213500,ICE
2014-12-19,45.147999,45.335999,43.953998999999996,44.324001,39.683079,7756000,ICE
2014-12-22,44.296001000000004,45.146,44.296001000000004,45.018002,40.304409,4237000,ICE
2014-12-23,45.088001,45.537997999999995,44.646,44.686001,40.007179,3804500,ICE
2014-12-24,44.734001,45.088001,44.304001,44.346001,39.702778,1460000,ICE
2014-12-26,44.467999,44.792,44.042,44.375999,39.729633,2265000,ICE
2014-12-29,44.473999,44.838001,44.298,44.425999,39.774399,1892500,ICE
2014-12-30,44.400002,44.618,44.279999,44.358002,39.71352,2118000,ICE
2014-12-31,44.422001,44.551998,43.858002,43.858002,39.265869,1710000,ICE
2015-01-02,44.077999,44.152,43.16,43.528,38.970421,573600,ICE
2015-01-05,43.400002,44.167999,43.23,43.765999,39.183498,1054800,ICE
2015-01-06,43.916,44.155998,42.709998999999996,43.139998999999996,38.623051000000004,1378000,ICE
2015-01-07,43.293999,43.790001000000004,42.762001,43.75,39.169174,2951800,ICE
2015-01-08,43.950001,44.728001,43.950001,44.299999,39.661583,846400,ICE
2015-01-09,44.358002,44.77,44.118,44.326,39.684868,583600,ICE
2015-01-12,44.257999,44.428001,42.995998,43.166,38.64632,817000,ICE
2015-01-13,43.382,43.908001,41.751999,41.900002,37.512882,1776100,ICE
2015-01-14,41.464001,42.048,41.223999,41.599998,37.244289,1279600,ICE
2015-01-15,41.599998,41.854,41.105999,41.136002000000005,36.828873,1164000,ICE
2015-01-16,41.048,41.900002,40.897999,41.880001,37.494976,894000,ICE
2015-01-20,42.116001000000004,42.389998999999996,41.341999,41.594002,37.238921999999995,761200,ICE
2015-01-21,41.445999,41.841999,41.113997999999995,41.312,36.98645,596200,ICE
2015-01-22,41.362,42.916,41.25,42.838001,38.352669,1162500,ICE
2015-01-23,43.007999,43.574001,42.776001,43.341999,38.803894,893100,ICE
2015-01-26,43.040001000000004,43.576,42.810001,43.549999,38.990120000000005,458200,ICE
2015-01-27,43.051998,43.405998,42.498001,42.540001000000004,38.085869,752700,ICE
2015-01-28,42.515999,42.708,41.076,41.088001,36.785903999999995,1059400,ICE
2015-01-29,41.049999,41.200001,40.448002,40.973999,36.68383,1334900,ICE
2015-01-30,40.650002,41.792,40.557999,41.146,36.837818,1019500,ICE
2015-02-02,41.416,41.722,41.113997999999995,41.681999,37.317710999999996,668900,ICE
2015-02-03,41.717999,42.313999,41.717999,42.273998,37.847721,537900,ICE
2015-02-04,42.09,43.234001,42.09,43.0,38.497715,1059600,ICE
2015-02-05,43.147999,45.222,43.146,45.169998,40.440495,1373400,ICE
2015-02-06,45.348,46.198002,45.346001,45.743999,40.954395,1094100,ICE
2015-02-09,45.566002000000005,46.389998999999996,45.5,45.806,41.009899,630700,ICE
2015-02-10,45.936001,46.34,45.762001,46.259997999999996,41.416359,606700,ICE
2015-02-11,46.175999,46.528,46.014,46.368,41.513062,538200,ICE
2015-02-12,46.354,46.976002,46.236,46.886002000000005,41.976826,503400,ICE
2015-02-13,46.976002,47.074001,46.605999,46.644001,41.760166,464800,ICE
2015-02-17,46.717999,47.139998999999996,46.551998,46.962002000000005,42.044868,509800,ICE
2015-02-18,46.849998,47.122002,46.563999,46.953998999999996,42.037696999999994,498600,ICE
2015-02-19,46.771999,47.349998,46.742001,46.782001,41.883713,1846000,ICE
2015-02-20,46.782001,47.098,46.256001,47.004002,42.082466,1094600,ICE
2015-02-23,46.938,47.0,46.501999,46.883998999999996,41.975029,375800,ICE
2015-02-24,46.807999,47.638,46.669998,47.105999,42.173786,524300,ICE
2015-02-25,47.009997999999996,47.995998,46.658001,47.77,42.768265,850800,ICE
2015-02-26,47.875999,48.009997999999996,47.332001,47.646,42.657242,672800,ICE
2015-02-27,47.633998999999996,47.824001,47.048,47.071999,42.143345000000004,513300,ICE
2015-03-02,46.978001,47.959998999999996,46.958,47.863997999999995,42.852421,721800,ICE
2015-03-03,47.652,47.984001,46.467999,47.122002,42.188117999999996,791300,ICE
2015-03-04,47.023998,47.040001000000004,46.202,46.59,41.711811,883500,ICE
2015-03-05,46.948002,46.998001,46.591999,46.821999,41.919521,601100,ICE
2015-03-06,46.762001,47.254002,46.051998,46.084,41.258789,711300,ICE
2015-03-09,46.25,46.896,46.014,46.785999,41.887291,689600,ICE
2015-03-10,46.450001,46.450001,45.584,45.59,40.816513,662100,ICE
2015-03-11,45.888,45.995998,45.175999,45.720001,40.932911,3692500,ICE
2015-03-12,46.084,46.425999,45.714001,46.153999,41.321465,501900,ICE
2015-03-13,46.029999,46.344002,45.566002000000005,45.818001,41.606606,532800,ICE
2015-03-16,46.096001,46.771999,46.094002,46.59,42.307648,493900,ICE
2015-03-17,46.422001,46.778,46.091999,46.702,42.409351,656200,ICE
2015-03-18,46.542,46.610001000000004,45.824001,46.293999,42.038853,597100,ICE
2015-03-19,46.16,47.408001,46.049999,47.341999,42.990524,3821500,ICE
2015-03-20,47.341999,47.584,46.948002,47.34,42.988704999999996,1021200,ICE
2015-03-23,47.462002000000005,47.514,46.801998,47.066002000000005,42.739895000000004,621400,ICE
2015-03-24,46.869999,47.25,46.57,46.862,42.554642,592900,ICE
2015-03-25,46.834,47.056,45.942001,46.189999,41.944412,878400,ICE
2015-03-26,45.894001,46.459998999999996,45.521999,45.950001,41.726475,686700,ICE
2015-03-27,45.779999,46.532001,45.768002,46.396,42.131474,482800,ICE
2015-03-30,46.700001,47.029999,46.507999,46.995998,42.676323,483200,ICE
2015-03-31,46.683997999999995,46.860001000000004,46.396,46.653999,42.365757,656500,ICE
2015-04-01,46.532001,47.077999,46.094002,46.183997999999995,41.938961,671700,ICE
2015-04-02,46.216,46.380001,45.493999,45.773998,41.566646999999996,525600,ICE
2015-04-06,45.566002000000005,46.334,45.444,45.866001000000004,41.650196,423900,ICE
2015-04-07,45.956001,46.349998,45.709998999999996,45.962002000000005,41.73737,534300,ICE
2015-04-08,45.992001,46.400002,45.98,46.099998,41.862679,473500,ICE
2015-04-09,46.0,46.23,45.605999,46.178001,41.933514,358900,ICE
2015-04-10,46.228001,46.518002,46.040001000000004,46.382,42.118763,320200,ICE
2015-04-13,46.256001,46.556,46.130001,46.158001,41.915359,394500,ICE
2015-04-14,46.125999,46.501999,45.528,45.776001,41.56847,469000,ICE
2015-04-15,45.832001,46.299999,45.5,45.958,41.733738,3681500,ICE
2015-04-16,45.938,46.27,45.571999,45.976002,41.750084,1621500,ICE
2015-04-17,45.653999,46.071999,44.535999,44.734001,40.622238,690800,ICE
2015-04-20,44.863997999999995,45.209998999999996,44.655998,45.133998999999996,40.985473999999996,533800,ICE
2015-04-21,45.133998999999996,45.220001,44.639998999999996,44.824001,40.703967999999996,2183000,ICE
2015-04-22,44.835999,45.514,44.585999,45.122002,40.974579,3215000,ICE
2015-04-23,45.02,45.310001,44.902,45.037997999999995,40.898296,395200,ICE
2015-04-24,44.945999,45.174,44.256001,44.678001,40.571391999999996,646400,ICE
2015-04-27,44.672001,44.992001,44.41,44.549999,40.455151,631900,ICE
2015-04-28,44.549999,44.888,44.231998,44.858002,40.734844,527800,ICE
2015-04-29,44.616001000000004,45.299999,44.571999,44.952,40.820194,459900,ICE
2015-04-30,44.75,45.405998,44.43,44.905998,40.778431,528100,ICE
2015-05-01,44.849998,45.612,44.807999,45.164001,41.012718,488100,ICE
2015-05-04,45.348,45.633998999999996,45.110001000000004,45.318001,41.152561,887300,ICE
2015-05-05,46.0,46.433997999999995,45.372002,46.433997999999995,42.165989,1909700,ICE
2015-05-06,46.346001,46.428001,45.178001,45.452,41.274242,1009900,ICE
2015-05-07,45.610001000000004,46.798,45.383998999999996,46.618,42.333069,1018300,ICE
2015-05-08,47.152,47.992001,46.810001,47.647999,43.268394,1762400,ICE
2015-05-11,47.405998,48.396,47.34,48.0,43.588043,1621000,ICE
2015-05-12,47.799999,48.189999,47.334,47.987999,43.577145,678400,ICE
2015-05-13,47.992001,48.32,47.757999,48.015999,43.60257,561900,ICE
2015-05-14,48.23,48.396,47.962002000000005,48.102001,43.680668,778200,ICE
2015-05-15,48.284,48.313999,47.487999,47.754002,43.364658,475700,ICE
2015-05-18,47.625999,48.150002,47.504002,47.535999,43.166695000000004,530300,ICE
2015-05-19,47.666,48.0,47.490002000000004,47.57,43.197563,2641000,ICE
2015-05-20,47.743999,47.896,47.130001,47.152,42.817989000000004,676500,ICE
2015-05-21,47.029999,47.382,46.835999,47.07,42.743522999999996,535800,ICE
2015-05-22,47.119999,47.658001,47.006001,47.374001,43.019577000000005,315900,ICE
2015-05-26,47.287997999999995,47.287997999999995,46.636002000000005,46.736,42.440228000000005,518700,ICE
2015-05-27,46.818001,47.150002,46.464001,46.936001,42.621840999999996,468700,ICE
2015-05-28,47.068001,47.360001000000004,46.716,47.287997999999995,42.941486,371300,ICE
2015-05-29,47.268002,47.683997999999995,46.827999,47.355999,43.003231,831800,ICE
2015-06-01,47.498001,47.534,47.063999,47.108002,42.778034000000005,2785500,ICE
2015-06-02,46.894001,47.34,46.736,47.18,42.84341,331200,ICE
2015-06-03,47.231998,47.605999,46.844002,46.848,42.541927,3500000,ICE
2015-06-04,46.627998,47.206001,46.352001,47.056,42.730812,638500,ICE
2015-06-05,47.400002,47.599998,46.874001,47.310001,42.961464,470800,ICE
2015-06-08,47.452,47.546001000000004,46.970001,47.113997999999995,42.783482,672100,ICE
2015-06-09,47.009997999999996,47.832001,46.832001,47.375999,43.021397,642500,ICE
2015-06-10,47.459998999999996,48.139998999999996,46.993999,48.094002,43.673409,714600,ICE
2015-06-11,48.158001,48.591999,47.948002,48.400002,43.951285999999996,494100,ICE
2015-06-12,48.104,48.307999,47.535999,47.709998999999996,44.006626000000004,605900,ICE
2015-06-15,47.330002,47.728001,47.105999,47.462002000000005,43.777878,456200,ICE
2015-06-16,47.335999,47.618,46.757999,46.880001,43.241051,611900,ICE
2015-06-17,47.046001000000004,47.251999,46.688,46.862,43.224449,599900,ICE
2015-06-18,47.0,47.198002,46.566002000000005,46.75,43.121136,690400,ICE
2015-06-19,46.599998,46.785999,45.566002000000005,45.875999,42.314983000000005,1060200,ICE
2015-06-22,46.228001,46.388,45.958,46.178001,42.593544,431400,ICE
2015-06-23,46.405998,46.486,45.945999,45.972,42.403529999999996,470200,ICE
2015-06-24,45.900002,46.098,45.554001,45.612,42.071472,547500,ICE
2015-06-25,45.599998,45.897999,45.514,45.546001000000004,42.010593,494100,ICE
2015-06-26,45.599998,45.849998,45.102001,45.231998,41.720966,755300,ICE
2015-06-29,44.841999,45.122002,44.422001,44.458,41.007053000000006,468500,ICE
2015-06-30,44.714001,44.995998,44.382,44.722,41.250557,729800,ICE
2015-07-01,45.037997999999995,45.292,44.903999,45.147999,41.64349,1077800,ICE
2015-07-02,45.338001,45.498001,45.091999,45.408001,41.883312,526800,ICE
2015-07-06,45.049999,45.301998,44.618,44.874001,41.390759,648800,ICE
2015-07-07,45.004002,45.580002,44.650002,45.445999,41.918358000000005,710800,ICE
2015-07-08,45.152,45.372002,44.318001,44.372002,40.927727000000004,805900,ICE
2015-07-09,44.653999,45.438,44.523998,44.886002000000005,41.401825,991800,ICE
2015-07-10,45.785999,46.324001,45.25,45.894001,42.331581,621800,ICE
2015-07-13,46.334,46.383998999999996,45.596001,45.799999,42.244881,614300,ICE
2015-07-14,45.700001,45.874001,45.396,45.598,42.058559,428900,ICE
2015-07-15,45.57,45.942001,44.964001,45.784,42.230121999999994,507200,ICE
2015-07-16,46.16,46.486,45.911999,46.464001,42.857338,417400,ICE
2015-07-17,46.202,46.540001000000004,46.108002,46.344002,42.746658000000004,403100,ICE
2015-07-20,46.292,46.514,46.0,46.301998,42.707912,343600,ICE
2015-07-21,46.234001,46.683997999999995,46.198002,46.34,42.742965999999996,454800,ICE
2015-07-22,46.338001,46.672001,46.049999,46.658001,43.036282,429400,ICE
2015-07-23,46.543999,46.793999,45.849998,45.967999,42.399840999999995,418000,ICE
2015-07-24,45.928001,46.338001,45.596001,45.801998,42.246719,522700,ICE
2015-07-27,45.618,45.717999,45.130001,45.299999,41.783691,373100,ICE
2015-07-28,45.554001,45.554001,44.993999,45.27,41.75602,381900,ICE
2015-07-29,45.306,45.646,44.987999,45.542,42.006908,307800,ICE
2015-07-30,45.495998,45.981998,45.495998,45.810001,42.254108,267900,ICE
2015-07-31,45.77,45.773998,45.382,45.608002,42.067787,433900,ICE
2015-08-03,45.773998,45.984001,45.526001,45.976002,42.407227,427200,ICE
2015-08-04,46.009997999999996,46.220001,45.939999,46.130001,42.549259,551100,ICE
2015-08-05,46.029999,47.639998999999996,45.889998999999996,47.507999,43.820301,644500,ICE
2015-08-06,47.731998,47.862,46.928001,47.400002,43.720688,734100,ICE
2015-08-07,47.400002,47.717999,47.088001,47.450001,43.766804,566400,ICE
2015-08-10,47.720001,48.388,47.666,48.082001,44.349743,400000,ICE
2015-08-11,47.757999,47.956001,47.208,47.380001,43.70224,531600,ICE
2015-08-12,47.119999,47.316002000000005,46.402,47.236,43.569408,2961000,ICE
2015-08-13,47.335999,47.816002000000005,47.02,47.542,43.851662,679300,ICE
2015-08-14,47.464001,48.16,47.397999,48.130001,44.394020000000005,862400,ICE
2015-08-17,47.858002,48.321999,47.716,48.200001,44.458588,2402000,ICE
2015-08-18,48.195999,48.874001,48.074001,48.810001,45.021236,610600,ICE
2015-08-19,48.790001000000004,49.181999,48.453998999999996,48.796001000000004,45.00832,913200,ICE
2015-08-20,48.484001,49.278,47.883998999999996,48.858002,45.065506,1174600,ICE
2015-08-21,48.588001,48.703998999999996,47.285999,47.341999,43.667187,1120800,ICE
2015-08-24,45.402,46.580002,44.056,44.986,41.494068,1541900,ICE
2015-08-25,45.981998,46.228001,44.486,44.504002,41.049479999999996,1297300,ICE
2015-08-26,45.403999,46.243999,44.813999,45.868,42.307602,928200,ICE
2015-08-27,46.189999,46.546001000000004,45.472,46.394001,42.792774,869700,ICE
2015-08-28,46.132,46.827999,46.0,46.481998,42.873940000000005,544400,ICE
2015-08-31,46.52,46.52,45.664001,45.681999,42.136036,656300,ICE
2015-09-01,44.911999,45.448002,44.698002,44.903999,41.418427,4156500,ICE
2015-09-02,45.290001000000004,45.464001,44.731998,45.301998,41.78553,2595500,ICE
2015-09-03,45.402,46.254002,45.127998,45.782001,42.228279,5487500,ICE
2015-09-04,45.599998,46.009997999999996,44.981998,45.358002,41.837185,587600,ICE
2015-09-08,45.748001,46.948002,45.563999,46.902,43.261340999999994,582700,ICE
2015-09-09,47.214001,47.243999,46.146,46.237999,42.648884,548200,ICE
2015-09-10,46.299999,47.400002,46.198002,47.028,43.377552,3117500,ICE
2015-09-11,46.978001,47.276001,46.534,47.245998,43.57864,3658500,ICE
2015-09-14,47.158001,47.632,46.571999,46.709998999999996,43.221462,3247000,ICE
2015-09-15,46.916,46.916,46.327999,46.700001,43.212215,855200,ICE
2015-09-16,46.653999,46.84,45.939999,46.688,43.201115,4411500,ICE
2015-09-17,46.799999,47.127998,45.902,46.040001000000004,42.601513,1071500,ICE
2015-09-18,45.650002,46.015999,45.304001,45.652,42.242481,1015800,ICE
2015-09-21,45.948002,46.598,45.807999,46.330002,42.86985,4652500,ICE
2015-09-22,45.716,46.0,45.028,45.292,41.909374,584400,ICE
2015-09-23,45.214001,45.942001,45.104,45.854,42.429394,490900,ICE
2015-09-24,45.537997999999995,45.537997999999995,44.964001,45.338001,41.951939,714900,ICE
2015-09-25,45.73,47.298,45.624001,47.0,43.489807,1057200,ICE
2015-09-28,46.632,46.950001,45.549999,45.596001,42.190670000000004,893100,ICE
2015-09-29,45.639998999999996,45.826,44.698002,45.557999,42.155502,696500,ICE
2015-09-30,45.832001,47.063999,45.700001,46.998001,43.487953000000005,623100,ICE
2015-10-01,46.801998,47.189999,46.015999,46.708,43.219615999999995,4503000,ICE
2015-10-02,46.251999,46.306,44.928001,46.296001000000004,42.838394,4387500,ICE
2015-10-05,46.57,47.464001,46.403999,47.391998,43.852531,3182500,ICE
2015-10-06,47.422001,47.507999,46.886002000000005,47.256001,43.726696000000004,2706000,ICE
2015-10-07,47.598,47.672001,46.473999,46.757999,43.265884,2973500,ICE
2015-10-08,46.566002000000005,46.891998,46.108002,46.832001,43.334358,2187500,ICE
2015-10-09,46.834,46.919998,45.478001,45.779999,42.360924,3478000,ICE
2015-10-12,45.962002000000005,46.773998,45.779999,46.68,43.193709999999996,1968500,ICE
2015-10-13,46.380001,46.754002,46.202,46.231998,42.779163,2263000,ICE
2015-10-14,46.243999,46.720001,45.782001,45.869999,42.444202000000004,2620500,ICE
2015-10-15,46.066002000000005,47.362,46.040001000000004,47.243999,43.715584,2148000,ICE
2015-10-16,47.591999,47.91,47.155998,47.577999,44.024639,2939000,ICE
2015-10-19,47.209998999999996,48.231998,47.209998999999996,48.054001,44.465092,3854000,ICE
2015-10-20,47.924,48.431999,47.566002000000005,48.327999,44.718628,2556500,ICE
2015-10-21,48.408001,48.568001,47.34,47.375999,43.837727,2126500,ICE
2015-10-22,47.514,49.416,47.403999,49.147999,45.477383,3154500,ICE
2015-10-23,49.405998,49.880001,49.139998999999996,49.759997999999996,46.043678,2899500,ICE
2015-10-26,49.801998,50.981998,48.756001,49.478001,45.782738,1165600,ICE
2015-10-27,49.278,51.467999,49.0,51.141998,47.322464000000004,1558500,ICE
2015-10-28,51.186001,51.608002,50.330002,51.534,47.685192,837300,ICE
2015-10-29,51.576,52.535999,51.41,52.368,48.456902,971600,ICE
2015-10-30,52.307999,52.436001,50.394001,50.48,46.709903999999995,5180000,ICE
2015-11-02,50.304001,52.34,50.150002,52.27,48.366219,4729000,ICE
2015-11-03,52.001999,52.476002,51.675999,52.099998,48.208915999999995,3933500,ICE
2015-11-04,51.93,52.396,51.546001000000004,52.049999,48.162643,742000,ICE
2015-11-05,52.113997999999995,52.472,51.855999,52.299999,48.393978000000004,3241500,ICE
2015-11-06,52.888,53.18,52.150002,52.464001,48.545730999999996,2942000,ICE
2015-11-09,52.478001,52.534,51.900002,52.259997999999996,48.35696,2354500,ICE
2015-11-10,52.09,52.874001,51.816002000000005,52.737999,48.799271000000005,2674000,ICE
2015-11-11,53.018002,53.348,52.658001,52.796001000000004,48.852936,3492000,ICE
2015-11-12,52.467999,52.779999,51.959998999999996,52.015999,48.131190999999994,3936500,ICE
2015-11-13,51.868,52.169998,51.290001000000004,51.694,47.833240999999994,3116000,ICE
2015-11-16,51.773998,52.445999,51.316002000000005,52.419998,48.505016,2887500,ICE
2015-11-17,52.712002000000005,52.720001,52.026001,52.383998999999996,48.471709999999995,2486500,ICE
2015-11-18,52.618,52.75,51.807999,52.720001,48.782612,2802000,ICE
2015-11-19,52.624001,52.75,52.321999,52.585999,48.658627,1743500,ICE
2015-11-20,52.813999,52.998001,52.478001,52.703998999999996,48.767803,2223500,ICE
2015-11-23,52.681999,53.0,52.506001,52.66,48.727092999999996,1237500,ICE
2015-11-24,52.245998,52.424,51.568001,51.830002,47.959084000000004,2075500,ICE
2015-11-25,51.863997999999995,52.228001,51.694,51.902,48.025703,1252000,ICE
2015-11-27,51.917999,52.189999,51.689999,52.046001000000004,48.158951,569000,ICE
2015-11-30,52.048,52.362,51.667999,51.967999,48.086781,2424500,ICE
2015-12-01,52.304001,52.408001,51.27,52.189999,48.292190999999995,4277000,ICE
2015-12-02,52.273998,52.630001,51.683997999999995,51.810001,47.940575,2992000,ICE
2015-12-03,51.91,52.198002,50.622002,50.768002,46.976397999999996,4525500,ICE
2015-12-04,51.116001000000004,53.200001,51.051998,52.827999,48.882542,4690500,ICE
2015-12-07,52.77,53.188,52.5,52.734001,48.79557,3016000,ICE
2015-12-08,52.59,53.099998,51.896,52.236,48.334763,2072500,ICE
2015-12-09,51.722,52.001999,50.049999,50.456001,46.687702,2602000,ICE
2015-12-10,50.450001,51.09,50.307999,50.492001,46.721012,2324000,ICE
2015-12-11,49.776001,49.992001,48.557999,48.790001000000004,45.146122,658400,ICE
2015-12-14,48.816002000000005,49.290001000000004,48.074001,49.116001000000004,46.157309999999995,766700,ICE
2015-12-15,50.0,50.638,49.264,50.0,46.988052,5167500,ICE
2015-12-16,50.25,50.403999,49.164001,49.543999,46.559521000000004,5094500,ICE
2015-12-17,48.981998,49.877998,48.82,49.674,46.68169,17146500,ICE
2015-12-18,49.433997999999995,49.619999,48.826,48.916,45.969353000000005,1395100,ICE
2015-12-21,49.396,49.548,49.009997999999996,49.487999,46.506893,791100,ICE
2015-12-22,49.830002,50.178001,49.604,50.018002,47.004971000000005,713100,ICE
2015-12-23,49.959998999999996,50.453998999999996,49.717999,50.200001,47.176006,742100,ICE
2015-12-24,50.099998,50.529999,50.009997999999996,50.383998999999996,47.348919,294800,ICE
2015-12-28,50.346001,51.153999,50.254002,50.882,47.816921,918600,ICE
2015-12-29,51.394001,51.875999,51.119999,51.548,48.442802,5030000,ICE
2015-12-30,51.546001000000004,52.035999,51.312,51.386002000000005,48.290562,2909000,ICE
2015-12-31,51.098,51.799999,50.549999,51.251999,48.164639,2624300,ICE
2016-01-04,50.450001,50.633998999999996,49.672001,50.278,47.249313,1624400,ICE
2016-01-05,51.66,51.810001,50.812,51.515999,48.412731,1350300,ICE
2016-01-06,51.0,51.349998,50.577999,51.056,47.980442,1046800,ICE
2016-01-07,50.085999,51.740002000000004,50.054001,50.834,47.771812,1236100,ICE
2016-01-08,51.130001,51.396,49.936001,50.054001,47.038799,961700,ICE
2016-01-11,50.386002000000005,50.818001,49.958,50.528,47.484253,882100,ICE
2016-01-12,51.0,51.175999,50.112,50.773998,47.715427000000005,3620000,ICE
2016-01-13,50.880001,50.933997999999995,48.830002,49.324001,46.352776,4299500,ICE
2016-01-14,49.652,50.292,49.049999,50.014,47.001209,3648000,ICE
2016-01-15,48.638,50.306,48.613997999999995,49.09,46.132870000000004,1403100,ICE
2016-01-19,49.860001000000004,50.257999,49.445999,49.806,46.805737,1088500,ICE
2016-01-20,49.046001000000004,49.445999,48.25,48.566002000000005,45.640438,1248000,ICE
2016-01-21,48.91,49.223999,48.068001,48.416,45.49947,958000,ICE
2016-01-22,49.021999,50.341999,48.712002000000005,50.256001,47.228634,1000900,ICE
2016-01-25,50.514,50.720001,49.282001,49.754002,46.756873999999996,906400,ICE
2016-01-26,50.098,50.341999,49.818001,50.327999,47.296295,975000,ICE
2016-01-27,50.222,51.237999,50.006001,50.556,47.510563,5451000,ICE
2016-01-28,50.978001,51.254002,50.273998,50.908001,47.841358,5301000,ICE
2016-01-29,51.332001,52.806,50.942001,52.759997999999996,49.581790999999996,1890000,ICE
2016-02-01,52.658001,53.778,52.326,53.388,50.171963,1560700,ICE
2016-02-02,53.150002,53.150002,52.462002000000005,52.897999,49.711479,1211200,ICE
2016-02-03,53.112,53.326,51.492001,52.616001000000004,49.446467999999996,1214800,ICE
2016-02-04,52.784,52.931999,48.362,49.217999,46.253161999999996,2968100,ICE
2016-02-05,48.925999,49.27,46.796001000000004,47.237999,44.392437,1770800,ICE
2016-02-08,46.720001,47.995998,45.787997999999995,47.796001000000004,44.916824,1921000,ICE
2016-02-09,47.674,48.832001,47.386002000000005,48.560001,45.634792,1186800,ICE
2016-02-10,48.759997999999996,49.009997999999996,47.237999,47.292,44.44318,4817500,ICE
2016-02-11,46.130001,47.240002000000004,45.698002,46.638,43.828575,6435500,ICE
2016-02-12,47.313999,47.313999,46.208,47.256001,44.409351,829500,ICE
2016-02-16,47.716,48.099998,47.018002,47.577999,44.711956,973800,ICE
2016-02-17,47.708,49.540001000000004,47.708,49.278,46.309546999999995,987700,ICE
2016-02-18,49.200001,49.400002,48.512001,48.790001000000004,45.850945,539700,ICE
2016-02-19,48.674,49.944,48.307999,49.613997999999995,46.625309,762800,ICE
2016-02-22,50.212002000000005,50.742001,49.077999,49.341999,46.369694,730700,ICE
2016-02-23,49.464001,49.700001,47.950001,48.327999,45.416779,934200,ICE
2016-02-24,48.0,48.986,47.625999,48.866001000000004,45.922371000000005,637900,ICE
2016-02-25,48.869999,49.34,48.313999,49.006001,46.053932,642100,ICE
2016-02-26,49.054001,49.188,47.911999,47.987999,45.097256,6366000,ICE
2016-02-29,47.785999,48.16,47.099998,47.692001,44.819088,708600,ICE
2016-03-01,46.563999,46.698002,45.540001000000004,46.416,43.619949,2691900,ICE
2016-03-02,46.810001,46.810001,45.862,46.391998,43.597396999999994,1616300,ICE
2016-03-03,46.085999,47.445999,46.085999,47.388,44.533405,887900,ICE
2016-03-04,47.439999,48.074001,46.972,47.799999,44.920578000000006,4382000,ICE
2016-03-07,47.256001,47.549999,46.473999,46.855999,44.033443,731600,ICE
2016-03-08,46.316002000000005,47.200001,46.312,46.605999,43.798504,796500,ICE
2016-03-09,46.700001,46.768002,45.444,45.993999,43.223377,1307400,ICE
2016-03-10,46.278,46.641998,45.91,46.422001,43.625584,782300,ICE
2016-03-11,46.650002,47.537997999999995,46.650002,47.198002,44.354843,768000,ICE
2016-03-14,46.900002,47.512001,46.900002,47.273998,45.24102,420000,ICE
2016-03-15,46.855999,47.588001,46.855999,47.310001,45.275471,445800,ICE
2016-03-16,47.344002,47.439999,46.528,46.630001,44.624718,539400,ICE
2016-03-17,46.782001,47.41,46.622002,47.222,45.191257,651000,ICE
2016-03-18,47.411999,47.59,46.716,47.5,45.457298,1058500,ICE
2016-03-21,47.414001,47.854,47.273998,47.419998,45.380736999999996,515100,ICE
2016-03-22,47.0,47.580002,46.900002,47.037997999999995,45.015167,452300,ICE
2016-03-23,47.066002000000005,47.608002,46.950001,47.310001,45.275471,475100,ICE
2016-03-24,47.076,47.287997999999995,46.576,46.869999,44.854393,519600,ICE
2016-03-28,46.880001,47.383998999999996,46.798,47.0,44.978806,478200,ICE
2016-03-29,46.967999,47.099998,46.394001,46.936001,44.917557,553900,ICE
2016-03-30,47.164001,47.372002,46.507999,46.641998,44.6362,3560500,ICE
2016-03-31,46.396,47.183997999999995,46.242001,47.028,45.005604,1176600,ICE
2016-04-01,46.972,47.568001,46.714001,47.139998999999996,45.112782,610200,ICE
2016-04-04,47.049999,47.368,46.568001,47.299999,45.265903,864600,ICE
2016-04-05,47.076,47.765999,46.751999,47.442001,45.401798,915000,ICE
2016-04-06,47.383998999999996,47.608002,46.726002,47.574001,45.528121999999996,913300,ICE
2016-04-07,47.327999,47.806,46.616001000000004,46.902,44.885021,794800,ICE
2016-04-08,47.035999,47.194,46.57,46.703998999999996,44.695534,638000,ICE
2016-04-11,46.848,47.007999,46.338001,46.495998,44.496479,499500,ICE
2016-04-12,46.666,46.816002000000005,45.875999,46.599998,44.596004,596600,ICE
2016-04-13,47.046001000000004,47.549999,46.422001,47.501999,45.459213,3323000,ICE
2016-04-14,47.382,47.798,47.174,47.355999,45.319492,680300,ICE
2016-04-15,47.419998,47.877998,47.304001,47.700001,45.648701,2504500,ICE
2016-04-18,47.588001,48.118,47.540001000000004,47.886002000000005,45.826706,580700,ICE
2016-04-19,47.762001,48.444,47.674,48.419998,46.337742,696700,ICE
2016-04-20,48.540001000000004,48.672001,48.084,48.52,46.433440999999995,523400,ICE
2016-04-21,48.324001,48.484001,47.959998999999996,48.032001,45.966431,505700,ICE
2016-04-22,48.068001,48.509997999999996,47.98,48.23,46.15591,579600,ICE
2016-04-25,48.130001,48.299999,47.925999,48.082001,46.014278000000004,579400,ICE
2016-04-26,48.248001,48.902,48.0,48.875999,46.774128000000005,473500,ICE
2016-04-27,48.764,48.925999,48.25,48.698002,46.603778999999996,400000,ICE
2016-04-28,48.287997999999995,48.712002000000005,48.034,48.172001,46.100398999999996,347600,ICE
2016-04-29,47.896,48.155998,47.632,48.006001,45.941544,604100,ICE
2016-05-02,48.105999,48.950001,47.882,48.936001,46.831551,890400,ICE
2016-05-03,48.453998999999996,48.757999,47.619999,48.195999,46.123367,681600,ICE
2016-05-04,51.001999,52.540001000000004,51.001999,51.698002,49.474773,2865500,ICE
2016-05-05,51.799999,52.018002,50.765999,50.804001,48.619217,1421400,ICE
2016-05-06,50.793999,51.714001,50.563999,51.632,49.411613,797300,ICE
2016-05-09,51.743999,52.48,51.683997999999995,52.099998,49.859486,1123400,ICE
2016-05-10,52.105999,52.52,51.863997999999995,52.203998999999996,49.959007,999400,ICE
2016-05-11,52.166,52.324001,51.515999,51.709998999999996,49.486252,2994000,ICE
2016-05-12,52.018002,52.658001,51.674,52.428001,50.173382000000004,2766500,ICE
2016-05-13,52.222,52.661999,51.98,51.998001,49.761871,705600,ICE
2016-05-16,52.132,52.619999,51.862,52.321999,50.071934000000006,718500,ICE
2016-05-17,52.200001,52.498001,51.264,51.515999,49.300598,749700,ICE
2016-05-18,51.400002,52.332001,51.237999,52.292,50.043228000000006,610900,ICE
2016-05-19,52.299999,52.596001,51.908001,52.125999,49.884369,922100,ICE
2016-05-20,52.448002,53.124001,52.349998,52.598,50.336067,1159200,ICE
2016-05-23,52.458,52.933997999999995,52.299999,52.796001000000004,50.525558000000004,639200,ICE
2016-05-24,52.902,54.293999,52.798,54.138,51.809841,6396500,ICE
2016-05-25,54.16,54.344002,53.877998,54.0,51.677776,778100,ICE
2016-05-26,53.896,54.049999,53.417999,53.599998,51.294979,635000,ICE
2016-05-27,53.883998999999996,54.141998,53.596001,54.042,51.717968,2842500,ICE
2016-05-31,54.240002000000004,54.389998999999996,53.880001,54.223999,51.892139,653300,ICE
2016-06-01,54.223999,54.223999,53.208,53.816002000000005,51.50169,799200,ICE
2016-06-02,53.568001,53.792,53.110001000000004,53.448002,51.149516999999996,760300,ICE
2016-06-03,53.006001,53.175999,52.604,53.102001,50.81839,4872000,ICE
2016-06-06,53.063999,53.155998,52.349998,52.900002,50.625084,921900,ICE
2016-06-07,52.902,53.411999,52.855999,53.057999,50.776283,771000,ICE
2016-06-08,52.919998,53.029999,52.630001,52.964001,50.686325,454500,ICE
2016-06-09,52.68,52.787997999999995,52.273998,52.504002,50.246113,702100,ICE
2016-06-10,52.217999,52.512001,52.026001,52.257999,50.010689,596100,ICE
2016-06-13,52.0,52.554001,51.681999,52.112,49.870964,733100,ICE
2016-06-14,51.785999,52.181999,51.408001,51.604,50.20369,797100,ICE
2016-06-15,51.639998999999996,52.046001000000004,51.194,51.306,49.913773,794900,ICE
2016-06-16,50.925999,51.453998999999996,50.683997999999995,51.312,49.919613,585400,ICE
2016-06-17,51.349998,51.360001000000004,50.66,50.731998,49.355346999999995,656100,ICE
2016-06-20,51.132,51.627998,50.400002,50.439999,49.071274,815700,ICE
2016-06-21,50.493999,50.694,50.139998999999996,50.192001,48.830006,692700,ICE
2016-06-22,50.292,50.466,49.916,50.400002,49.032364,678300,ICE
2016-06-23,50.826,51.242001,50.716,51.209998999999996,49.820381,768900,ICE
2016-06-24,49.563999,50.442001,49.150002,49.279999,47.942749,2472300,ICE
2016-06-27,49.056,49.056,48.150002,48.442001,47.127495,895100,ICE
2016-06-28,48.824001,49.666,48.438,49.666,48.318275,5460500,ICE
2016-06-29,50.028,50.716,49.866001000000004,50.551998,49.180237,875400,ICE
2016-06-30,50.602001,51.349998,50.321999,51.192001,49.802868,856000,ICE
2016-07-01,50.984001,51.548,50.486,50.548,49.176342,548100,ICE
2016-07-05,50.212002000000005,51.056,50.178001,50.973999,49.590782,546300,ICE
2016-07-06,50.636002000000005,51.037997999999995,50.445999,50.976002,49.592728,771800,ICE
2016-07-07,50.967999,51.195999,50.265999,50.792,49.413723,668800,ICE
2016-07-08,50.849998,51.709998999999996,50.849998,51.377998,49.983818,469300,ICE
2016-07-11,51.389998999999996,51.688,51.124001,51.588001,50.188128999999996,379500,ICE
2016-07-12,51.91,52.234001,51.661999,52.096001,50.682331,619100,ICE
2016-07-13,52.41,52.41,51.716,51.916,50.507225,364200,ICE
2016-07-14,52.400002,52.507999,52.105999,52.507999,51.083153,395600,ICE
2016-07-15,52.698002,52.698002,52.495998,52.610001000000004,51.182388,459300,ICE
2016-07-18,52.636002000000005,52.889998999999996,52.436001,52.582001,51.155151000000004,404000,ICE
2016-07-19,52.296001000000004,53.034,52.254002,52.834,51.400311,309000,ICE
2016-07-20,53.0,53.0,52.473999,52.540001000000004,51.114288,686400,ICE
2016-07-21,52.375999,52.514,52.146,52.487999,51.063702,292900,ICE
2016-07-22,52.726002,52.731998,52.518002,52.633998999999996,51.205738000000004,280200,ICE
2016-07-25,52.594002,52.712002000000005,52.307999,52.681999,51.252438,303600,ICE
2016-07-26,52.546001000000004,52.73,52.216,52.419998,50.997547,257200,ICE
2016-07-27,52.424,52.933997999999995,52.424,52.807999,51.375015000000005,373200,ICE
2016-07-28,52.708,53.212002000000005,52.619999,53.051998,51.612392,587200,ICE
2016-07-29,52.970001,53.228001,52.807999,52.84,51.406147,374700,ICE
2016-08-01,52.939999,53.035999,52.674,52.925999,51.489815,447200,ICE
2016-08-02,52.854,52.854,52.450001,52.785999,51.353611,619400,ICE
2016-08-03,54.212002000000005,56.650002,54.001999,55.604,54.09515,2053900,ICE
2016-08-04,55.703998999999996,56.001999,55.349998,55.667999,54.15741,733300,ICE
2016-08-05,56.014,56.048,55.256001,55.613997999999995,54.104874,657300,ICE
2016-08-08,55.476002,55.476002,54.905998,55.360001000000004,53.857769,590600,ICE
2016-08-09,55.458,55.514,55.198002,55.394001,53.890845999999996,392000,ICE
2016-08-10,55.352001,55.456001,55.127998,55.366001000000004,53.86360500000001,387400,ICE
2016-08-11,55.616001000000004,55.754002,55.226002,55.720001,54.208,358000,ICE
2016-08-12,55.360001000000004,55.792,55.256001,55.728001,54.215778,1714000,ICE
2016-08-15,55.933997999999995,56.063999,55.731998,56.004002,54.484291000000006,478600,ICE
2016-08-16,55.799999,56.116001000000004,55.622002,55.622002,54.11265600000001,386500,ICE
2016-08-17,55.722,56.362,55.672001,56.304001,54.77615,411300,ICE
2016-08-18,56.276001,56.383998999999996,56.150002,56.271999,54.745014000000005,397800,ICE
2016-08-19,56.212002000000005,56.377998,55.834,56.066002000000005,54.544608999999994,365700,ICE
2016-08-22,56.066002000000005,56.155998,55.818001,55.897999,54.381165,335200,ICE
2016-08-23,56.259997999999996,56.259997999999996,55.726002,55.776001,54.262478,308400,ICE
2016-08-24,55.653999,55.754002,55.310001,55.428001,53.923922999999995,442400,ICE
2016-08-25,55.327999,55.501999,55.209998999999996,55.436001,53.931702,377600,ICE
2016-08-26,55.560001,55.868,55.209998999999996,55.535999,54.028996,334800,ICE
2016-08-29,55.540001000000004,56.080002,55.459998999999996,55.712002000000005,54.20021800000001,452300,ICE
2016-08-30,55.773998,56.029999,55.355999,55.992001,54.472621999999994,2975000,ICE
2016-08-31,55.854,56.43,55.748001,56.403999,54.873436,630900,ICE
2016-09-01,56.514,57.293999,56.332001,56.869999,55.32679399999999,740700,ICE
2016-09-02,57.043999,57.113997999999995,56.703998999999996,57.074001,55.525261,384200,ICE
2016-09-06,57.141998,57.403999,56.759997999999996,56.972,55.426021999999996,789200,ICE
2016-09-07,56.624001,56.792,56.330002,56.73,55.19059,472600,ICE
2016-09-08,56.610001000000004,56.700001,56.32,56.506001,54.972668000000006,522700,ICE
2016-09-09,56.341999,56.667999,56.071999,56.450001,54.91819,822700,ICE
2016-09-12,55.759997999999996,57.146,55.759997999999996,56.998001,55.451324,829100,ICE
2016-09-13,56.619999,56.832001,56.127998,56.330002,54.801449,819000,ICE
2016-09-14,56.158001,56.452,55.922001,55.959998999999996,55.275578,841200,ICE
2016-09-15,55.973999,56.52,55.962002000000005,56.344002,55.654881,512200,ICE
2016-09-16,56.139998999999996,56.411999,55.84,56.299999,55.611416000000006,637400,ICE
2016-09-19,56.445999,56.688,56.223999,56.450001,55.759575,359200,ICE
2016-09-20,56.548,56.765999,56.042,56.042,55.356570999999995,291800,ICE
2016-09-21,56.169998,56.504002,56.0,56.452,55.761559,340600,ICE
2016-09-22,56.650002,56.720001,55.911999,56.144001,55.457325,390400,ICE
2016-09-23,56.066002000000005,56.071999,55.222,55.222,54.5466,599500,ICE
2016-09-26,55.150002,55.284,54.66,54.807999,54.137665000000005,521600,ICE
2016-09-27,54.678001,54.976002,54.476002,54.706001,54.036915,480600,ICE
2016-09-28,54.765999,54.877998,53.886002000000005,54.192001,53.529202000000005,774200,ICE
2016-09-29,54.006001,54.5,53.416,53.68,53.02346,590700,ICE
2016-09-30,53.970001,54.212002000000005,53.799999,53.872002,53.213112,682100,ICE
2016-10-03,53.667999,53.922001,53.436001,53.534,52.879245999999995,899400,ICE
2016-10-04,53.598,54.049999,53.476002,53.551998,52.897026000000004,489800,ICE
2016-10-05,53.591999,53.728001,53.326,53.661999,53.005676,641500,ICE
2016-10-06,53.507999,53.675999,53.354,53.543999,52.889126,358500,ICE
2016-10-07,53.619999,53.653999,53.155998,53.462002000000005,52.808128,338500,ICE
2016-10-10,53.771999,53.959998999999996,53.388,53.68,53.02346,534700,ICE
2016-10-11,53.700001,53.827999,52.984001,53.07,52.420921,653300,ICE
2016-10-12,53.16,53.551998,52.91,53.466,52.812077,470100,ICE
2016-10-13,53.174,53.391998,52.933997999999995,53.312,52.659962,614600,ICE
2016-10-14,53.695999,54.501999,53.574001,54.257999,53.594391,659400,ICE
2016-10-17,54.242001,54.386002000000005,53.147999,53.178001,52.527599,469900,ICE
2016-10-18,53.669998,53.950001,53.220001,53.529999,52.875294,376600,ICE
2016-10-19,53.734001,53.834,53.206001,53.411999,52.758736,1899000,ICE
2016-10-20,53.382,53.596001,53.001999,53.006001,52.3577,404600,ICE
2016-10-21,52.736,53.397999,52.619999,53.265999,52.614520999999996,498900,ICE
2016-10-24,53.425999,53.425999,53.144001,53.307999,52.656006000000005,309800,ICE
2016-10-25,53.200001,53.768002,53.200001,53.388,52.735031000000006,394400,ICE
2016-10-26,53.186001,53.574001,53.18,53.264,52.612549,403900,ICE
2016-10-27,53.354,53.481998,53.018002,53.222,52.571059999999996,555600,ICE
2016-10-28,53.222,53.728001,53.071999,53.566002000000005,52.910858,534900,ICE
2016-10-31,53.653999,54.41,53.292,54.077999,53.416592,811000,ICE
2016-11-01,53.599998,53.925999,52.265999,52.610001000000004,51.966549,1375900,ICE
2016-11-02,52.521999,53.299999,52.521999,53.043999,52.395241,787400,ICE
2016-11-03,53.282001,53.914001,53.237999,53.894001,53.234843999999995,740800,ICE
2016-11-04,53.91,54.02,53.27,53.369999,52.717251,2230400,ICE
2016-11-07,54.150002,54.5,54.029999,54.43,53.764286,3395800,ICE
2016-11-08,54.48,54.84,54.189999,54.619999,53.951962,2189000,ICE
2016-11-09,55.189999,57.57,54.5,57.34,56.638695,4937000,ICE
2016-11-10,57.990002000000004,58.700001,57.119999,57.299999,56.599185999999996,3780300,ICE
2016-11-11,57.200001,57.299999,55.91,56.25,55.562027,3415700,ICE
2016-11-14,56.400002,56.490002000000004,55.060001,55.59,54.910099,3959200,ICE
2016-11-15,55.43,55.720001,54.91,55.5,54.821201,2855700,ICE
2016-11-16,55.099998,55.360001000000004,54.200001,54.450001,53.78404200000001,4508900,ICE
2016-11-17,54.509997999999996,55.16,54.34,54.900002,54.228539000000005,3179500,ICE
2016-11-18,54.709998999999996,55.029999,54.700001,54.82,54.149513,3369300,ICE
2016-11-21,54.939999,55.18,54.52,55.18,54.505116,3315700,ICE
2016-11-22,55.32,55.330002,54.23,54.41,53.744530000000005,3086700,ICE
2016-11-23,54.34,54.630001,53.91,54.330002,53.665507999999996,2557400,ICE
2016-11-25,54.48,54.689999,54.200001,54.689999,54.02110699999999,735500,ICE
2016-11-28,54.66,54.790001000000004,54.029999,54.080002,53.41857099999999,2151300,ICE
2016-11-29,54.349998,54.939999,53.950001,54.84,54.16927,3023200,ICE
2016-11-30,55.32,55.860001000000004,55.259997999999996,55.400002,54.722424,5473600,ICE
2016-12-01,55.5,56.400002,55.380001,56.349998,55.660801,4135200,ICE
2016-12-02,56.389998999999996,56.740002000000004,56.0,56.650002,55.957138,3148200,ICE
2016-12-05,56.900002,57.860001000000004,56.849998,57.790001000000004,57.08319100000001,4219600,ICE
2016-12-06,57.799999,58.619999,57.639998999999996,58.560001,57.843773,3809100,ICE
2016-12-07,58.82,59.419998,58.639998999999996,59.080002,58.357409999999994,4086600,ICE
2016-12-08,59.419998,59.57,58.860001000000004,59.459998999999996,58.732760999999996,3234300,ICE
2016-12-09,59.400002,59.860001000000004,59.049999,59.66,58.930321,2170500,ICE
2016-12-12,59.610001000000004,59.830002,59.009997999999996,59.59,58.861176,3461200,ICE
2016-12-13,59.619999,59.82,59.209998999999996,59.41,58.851268999999995,1971000,ICE
2016-12-14,59.32,59.5,58.299999,58.369999,57.821049,4929300,ICE
2016-12-15,58.639998999999996,59.470001,58.25,58.330002,57.78143299999999,3688600,ICE
2016-12-16,58.639998999999996,59.400002,57.84,57.919998,57.37528199999999,4820400,ICE
2016-12-19,57.790001000000004,57.990002000000004,57.360001000000004,57.66,57.117729000000004,2667400,ICE
2016-12-20,58.009997999999996,58.07,57.419998,58.07,57.523872,2291400,ICE
2016-12-21,58.07,58.07,57.290001000000004,57.330002,56.79084,1760000,ICE
2016-12-22,57.279999,57.279999,56.830002,57.279999,56.741302000000005,1682100,ICE
2016-12-23,57.209998999999996,57.450001,56.630001,56.82,56.28562900000001,1830100,ICE
2016-12-27,57.119999,57.419998,56.889998999999996,57.279999,56.741302000000005,1093000,ICE
2016-12-28,57.310001,57.470001,56.619999,56.650002,56.117229,1375500,ICE
2016-12-29,56.82,56.849998,56.360001000000004,56.490002000000004,55.958732999999995,1130100,ICE
2016-12-30,56.700001,56.900002,56.240002000000004,56.419998,55.889389,1844400,ICE
2017-01-03,56.900002,56.959998999999996,55.799999,56.220001,55.691272999999995,2595000,ICE
2017-01-04,56.459998999999996,57.459998999999996,56.32,57.209998999999996,56.671963,3074900,ICE
2017-01-05,57.02,57.720001,56.700001,56.970001,56.43421899999999,1636800,ICE
2017-01-06,57.040001000000004,57.540001000000004,56.900002,57.34,56.800739,1490100,ICE
2017-01-09,57.279999,57.689999,56.889998999999996,57.02,56.483748999999996,1464900,ICE
2017-01-10,57.110001000000004,57.16,56.68,56.77,56.236098999999996,1646400,ICE
2017-01-11,56.91,56.959998999999996,56.040001000000004,56.84,56.305443000000004,3852100,ICE
2017-01-12,56.529999,56.98,55.799999,56.720001,56.18656899999999,4289600,ICE
2017-01-13,57.060001,57.439999,56.669998,56.830002,56.29554,1963300,ICE
2017-01-17,56.73,56.779999,56.169998,56.459998999999996,55.929016000000004,1984400,ICE
2017-01-18,56.75,57.419998,56.209998999999996,57.310001,56.771023,2072900,ICE
2017-01-19,57.360001000000004,57.439999,56.950001,56.959998999999996,56.424313,1887400,ICE
2017-01-20,57.119999,57.5,56.93,57.400002,56.860176,2001800,ICE
2017-01-23,57.189999,57.439999,56.689999,56.84,56.305443000000004,1545800,ICE
2017-01-24,56.990002000000004,57.68,56.919998,57.459998999999996,56.919608999999994,1701600,ICE
2017-01-25,57.84,58.189999,57.75,57.959998999999996,57.414908999999994,2531900,ICE
2017-01-26,58.150002,58.869999,56.990002000000004,58.169998,57.622935999999996,1927500,ICE
2017-01-27,58.16,58.189999,57.619999,57.880001,57.335663000000004,1309200,ICE
2017-01-30,57.880001,57.970001,57.25,57.939999,57.395095999999995,1309500,ICE
2017-01-31,57.990002000000004,58.389998999999996,57.82,58.360001000000004,57.81115,2458400,ICE
2017-02-01,58.419998,58.959998999999996,58.139998999999996,58.349998,57.801239,2952100,ICE
2017-02-02,58.02,58.799999,57.830002,58.389998999999996,57.840866000000005,3733200,ICE
2017-02-03,58.880001,59.0,58.450001,58.540001000000004,57.989456000000004,3092500,ICE
2017-02-06,58.25,58.57,58.119999,58.509997999999996,57.959731999999995,2879800,ICE
2017-02-07,59.279999,60.540001000000004,59.279999,59.93,59.366383,7162800,ICE
2017-02-08,59.5,59.5,56.990002000000004,57.040001000000004,56.503563,5603300,ICE
2017-02-09,57.040001000000004,57.66,56.799999,57.580002,57.038486,3657200,ICE
2017-02-10,57.630001,57.869999,57.139998999999996,57.650002,57.107826,2975200,ICE
2017-02-13,58.119999,59.110001000000004,57.82,59.029999,58.474842,2558600,ICE
2017-02-14,59.029999,59.139998999999996,58.450001,58.650002,58.09841899999999,2909800,ICE
2017-02-15,58.73,59.119999,58.330002,59.009997999999996,58.455031999999996,3396800,ICE
2017-02-16,58.939999,58.939999,58.25,58.650002,58.09841899999999,1809400,ICE
2017-02-17,58.529999,58.799999,58.299999,58.400002,57.850773,2962900,ICE
2017-02-21,58.419998,58.57,57.810001,57.959998999999996,57.414908999999994,3150500,ICE
2017-02-22,57.59,57.990002000000004,57.459998999999996,57.73,57.187073,2784500,ICE
2017-02-23,57.860001000000004,58.310001,57.799999,58.110001000000004,57.563499,2973700,ICE
2017-02-24,57.77,58.619999,57.669998,58.299999,57.751709,2026300,ICE
2017-02-27,58.25,58.400002,57.150002,57.700001,57.15735600000001,3092100,ICE
2017-02-28,57.48,57.639998999999996,56.970001,57.130001,56.592716,3392400,ICE
2017-03-01,57.830002,59.099998,57.610001000000004,58.93,58.375786,3869200,ICE
2017-03-02,58.889998999999996,58.98,58.369999,58.52,57.969643000000005,2981500,ICE
2017-03-03,58.52,58.849998,58.07,58.740002000000004,58.187571999999996,2992000,ICE
2017-03-06,58.419998,59.220001,58.099998,59.02,58.464939,3646300,ICE
2017-03-07,58.950001,59.049999,58.549999,58.630001,58.078609,2656100,ICE
2017-03-08,58.860001000000004,59.48,58.650002,59.389998999999996,58.831463,3465900,ICE
2017-03-09,59.529999,60.450001,59.459998999999996,60.060001,59.495158999999994,5102400,ICE
2017-03-10,60.330002,60.860001000000004,59.77,60.259997999999996,59.693275,3584400,ICE
2017-03-13,60.490002000000004,60.700001,60.200001,60.400002,59.831963,4264000,ICE
2017-03-14,60.200001,60.68,60.02,60.209998999999996,59.84190400000001,3413800,ICE
2017-03-15,60.48,60.540001000000004,60.240002000000004,60.400002,60.03074300000001,2791400,ICE
2017-03-16,60.57,61.580002,60.5,61.549999,61.17371,3933200,ICE
2017-03-17,61.470001,61.98,61.290001000000004,61.400002,61.024628,4871200,ICE
2017-03-20,61.259997999999996,61.470001,60.970001,61.0,60.627070999999994,2321100,ICE
2017-03-21,61.27,61.360001000000004,59.939999,60.029999,59.663002,3332400,ICE
2017-03-22,60.029999,60.209998999999996,59.529999,59.799999,59.434406,2120700,ICE
2017-03-23,59.860001000000004,60.41,59.709998999999996,59.869999,59.503979,2433500,ICE
2017-03-24,59.990002000000004,60.27,59.700001,59.849998,59.4841,2536100,ICE
2017-03-27,59.200001,59.560001,58.849998,59.400002,59.036854000000005,1922600,ICE
2017-03-28,59.200001,60.040001000000004,59.18,59.830002,59.46423000000001,2076500,ICE
2017-03-29,59.68,59.689999,59.029999,59.299999,58.937466,1890700,ICE
2017-03-30,59.349998,60.130001,59.220001,60.029999,59.663002,2029900,ICE
2017-03-31,59.740002000000004,60.310001,59.599998,59.869999,59.503979,2099500,ICE
2017-04-03,60.049999,60.18,58.799999,59.32,58.95734399999999,2561200,ICE
2017-04-04,59.400002,59.610001000000004,59.110001000000004,59.41,59.046791000000006,2445500,ICE
2017-04-05,59.790001000000004,60.650002,59.549999,59.970001,59.603370999999996,3067300,ICE
2017-04-06,59.959998999999996,60.450001,59.689999,60.240002000000004,59.87171899999999,3361000,ICE
2017-04-07,60.0,61.049999,59.860001000000004,60.779999,60.40841700000001,3876500,ICE
2017-04-10,60.880001,61.110001000000004,60.369999,60.400002,60.03074300000001,2667200,ICE
2017-04-11,60.209998999999996,60.459998999999996,59.900002,60.290001000000004,59.921413,3242000,ICE
2017-04-12,60.009997999999996,60.330002,59.779999,59.830002,59.46423000000001,2386500,ICE
2017-04-13,59.700001,60.02,59.419998,59.419998,59.056728,1644600,ICE
2017-04-17,59.529999,60.16,59.07,60.099998,59.73257099999999,1217000,ICE
2017-04-18,59.93,60.380001,59.799999,60.27,59.901534999999996,1673500,ICE
2017-04-19,60.490002000000004,60.630001,59.880001,59.950001,59.58349200000001,1993300,ICE
2017-04-20,60.220001,60.700001,59.91,60.630001,60.259335,3083900,ICE
2017-04-21,60.57,60.869999,60.150002,60.41,60.04068,1856900,ICE
2017-04-24,61.380001,61.549999,60.509997999999996,60.580002,60.209644,2996100,ICE
2017-04-25,61.110001000000004,61.400002,60.959998999999996,60.970001,60.59725600000001,1854500,ICE
2017-04-26,61.07,61.470001,60.98,61.099998,60.726459999999996,1719200,ICE
2017-04-27,61.189999,61.189999,60.139998999999996,60.209998999999996,59.84190400000001,2651500,ICE
2017-04-28,60.209998999999996,60.66,60.029999,60.200001,59.831963,2958200,ICE
2017-05-01,60.5,60.73,60.220001,60.400002,60.03074300000001,3246600,ICE
2017-05-02,60.619999,60.759997999999996,60.200001,60.619999,60.249393000000005,3602500,ICE
2017-05-03,59.970001,61.02,59.759997999999996,60.330002,59.961169999999996,3891400,ICE
2017-05-04,60.57,61.0,60.259997999999996,60.869999,60.497868000000004,3288400,ICE
2017-05-05,60.98,61.0,60.279999,60.459998999999996,60.09036999999999,2152800,ICE
2017-05-08,60.400002,60.639998999999996,58.900002,59.09,58.728752,2502400,ICE
2017-05-09,59.23,59.23,58.799999,58.91,58.54985,3735500,ICE
2017-05-10,58.900002,59.040001000000004,58.419998,59.0,58.639301,2443300,ICE
2017-05-11,58.900002,59.18,58.189999,59.07,58.70887,2929100,ICE
2017-05-12,58.810001,59.189999,58.740002000000004,58.790001000000004,58.430583999999996,1665500,ICE
2017-05-15,58.759997999999996,59.439999,58.759997999999996,59.290001000000004,58.927528,2145000,ICE
2017-05-16,59.389998999999996,59.389998999999996,58.959998999999996,59.0,58.639301,1875000,ICE
2017-05-17,59.0,59.0,58.02,58.07,57.714985,2593400,ICE
2017-05-18,58.169998,58.82,57.91,58.59,58.231804000000004,2259000,ICE
2017-05-19,58.740002000000004,59.630001,58.459998999999996,59.32,58.95734399999999,3018800,ICE
2017-05-22,59.599998,59.709998999999996,59.220001,59.459998999999996,59.096489,1880800,ICE
2017-05-23,59.380001,60.07,59.240002000000004,59.869999,59.503979,1635800,ICE
2017-05-24,60.040001000000004,60.119999,59.630001,59.939999,59.573551,1451200,ICE
2017-05-25,60.209998999999996,60.700001,59.959998999999996,60.439999,60.070496,1518500,ICE
2017-05-26,60.369999,60.75,60.279999,60.349998,59.981044999999995,1346200,ICE
2017-05-30,60.119999,60.439999,60.060001,60.16,59.79220600000001,1981300,ICE
2017-05-31,60.860001000000004,60.860001000000004,59.91,60.189999,59.822021,2710500,ICE
2017-06-01,60.650002,60.669998,60.110001000000004,60.34,59.971106999999996,2777900,ICE
2017-06-02,60.299999,60.59,60.220001,60.32,59.951229000000005,2609700,ICE
2017-06-05,60.380001,61.970001,60.27,61.700001,61.322796,3963900,ICE
2017-06-06,61.369999,61.790001000000004,61.259997999999996,61.549999,61.17371,3409300,ICE
2017-06-07,61.549999,63.73,61.540001000000004,63.619999,63.231052000000005,4773900,ICE
2017-06-08,63.619999,64.16999799999999,63.419998,63.790001000000004,63.400017000000005,3712400,ICE
2017-06-09,63.830002,64.57,63.560001,63.970001,63.578915,4046800,ICE
2017-06-12,63.900002,64.480003,63.66,64.43,64.036102,3243200,ICE
2017-06-13,64.449997,64.790001,64.32,64.459999,64.06591800000001,2326900,ICE
2017-06-14,64.0,64.75,63.939999,64.66999799999999,64.474678,2054900,ICE
2017-06-15,64.489998,64.739998,64.160004,64.610001,64.414864,1680500,ICE
2017-06-16,64.629997,64.739998,64.389999,64.57,64.374985,2301400,ICE
2017-06-19,64.739998,65.0,64.57,64.769997,64.57437900000001,2575100,ICE
2017-06-20,64.5,64.879997,64.459999,64.519997,64.32513399999999,1751100,ICE
2017-06-21,64.43,64.5,63.93,64.290001,64.095833,2323900,ICE
2017-06-22,64.129997,64.5,63.900002,64.150002,63.956253000000004,2360700,ICE
2017-06-23,64.470001,64.489998,64.099998,64.279999,64.085861,2372700,ICE
2017-06-26,64.33000200000001,64.529999,64.209999,64.349998,64.155647,1602700,ICE
2017-06-27,64.809998,65.709999,64.370003,65.379997,65.18253299999999,3946200,ICE
2017-06-28,65.82,66.269997,65.400002,66.139999,65.940239,3729500,ICE
2017-06-29,66.639999,66.730003,65.639999,65.839996,65.641144,2860400,ICE
2017-06-30,65.910004,66.25,65.709999,65.91999799999999,65.720901,2373400,ICE
2017-07-03,66.07,66.900002,65.949997,66.68,66.478615,1906800,ICE
2017-07-05,66.660004,66.889999,65.970001,66.18,65.980125,2689100,ICE
2017-07-06,66.16999799999999,66.690002,65.839996,65.970001,65.77076,2717500,ICE
2017-07-07,66.129997,66.459999,65.66999799999999,65.91999799999999,65.720901,2591900,ICE
2017-07-10,65.910004,66.029999,65.5,65.5,65.302177,3111500,ICE
2017-07-11,65.57,66.099998,65.239998,65.41999799999999,65.222412,3013800,ICE
2017-07-12,65.440002,65.870003,65.190002,65.870003,65.671059,2661900,ICE
2017-07-13,66.620003,67.33000200000001,66.120003,66.879997,66.678001,3162800,ICE
2017-07-14,66.360001,66.360001,65.470001,65.550003,65.352028,2851600,ICE
2017-07-17,65.610001,66.41999799999999,65.410004,65.82,65.621208,2122100,ICE
2017-07-18,65.599998,65.839996,65.33000200000001,65.720001,65.52151500000001,2012800,ICE
2017-07-19,65.949997,66.010002,65.440002,65.720001,65.52151500000001,2031600,ICE
2017-07-20,65.660004,65.980003,65.559998,65.839996,65.641144,1975800,ICE
2017-07-21,65.82,66.760002,65.82,66.58000200000001,66.378914,2283600,ICE
2017-07-24,66.480003,67.290001,66.309998,66.75,66.548401,3596400,ICE
2017-07-25,67.260002,67.480003,66.370003,66.379997,66.179512,1757000,ICE
2017-07-26,66.33000200000001,66.940002,66.220001,66.339996,66.13963299999999,1639100,ICE
2017-07-27,66.290001,66.529999,65.66999799999999,66.129997,65.930267,1658700,ICE
2017-07-28,66.199997,66.550003,65.809998,66.370003,66.16954799999999,1177500,ICE
2017-07-31,66.279999,66.910004,66.120003,66.709999,66.508522,2077300,ICE
2017-08-01,66.790001,67.290001,66.550003,67.279999,67.076797,2238700,ICE
2017-08-02,67.279999,67.309998,66.739998,67.019997,66.817581,1784000,ICE
2017-08-03,64.0,65.949997,63.220001,65.150002,64.953232,4085100,ICE
2017-08-04,65.550003,65.639999,64.449997,64.82,64.624229,2764000,ICE
2017-08-07,65.089996,65.16999799999999,64.360001,64.370003,64.175591,2334700,ICE
2017-08-08,64.209999,64.699997,64.010002,64.550003,64.355049,2302000,ICE
2017-08-09,64.279999,65.75,64.279999,65.730003,65.531487,1723000,ICE
2017-08-10,65.32,65.760002,65.050003,65.160004,64.96320300000001,2750700,ICE
2017-08-11,65.360001,65.43,64.870003,65.010002,64.81366,2067800,ICE
2017-08-14,65.870003,65.870003,65.209999,65.389999,65.19250500000001,1239300,ICE
2017-08-15,65.660004,66.239998,65.599998,65.860001,65.661087,1542900,ICE
2017-08-16,65.970001,66.43,65.889999,66.059998,65.86048100000001,1630600,ICE
2017-08-17,66.089996,66.32,65.150002,65.150002,64.953232,1678200,ICE
2017-08-18,64.980003,65.08000200000001,64.57,64.589996,64.39492,1852300,ICE
2017-08-21,64.589996,64.769997,64.07,64.550003,64.355049,1616700,ICE
2017-08-22,64.739998,65.709999,64.480003,65.5,65.302177,1606700,ICE
2017-08-23,65.349998,65.610001,64.989998,65.019997,64.823624,1282600,ICE
2017-08-24,65.599998,65.66999799999999,64.449997,64.699997,64.50458499999999,1515200,ICE
2017-08-25,64.980003,65.720001,64.800003,65.410004,65.212448,1803300,ICE
2017-08-28,65.529999,65.709999,65.120003,65.300003,65.102783,1274600,ICE
2017-08-29,64.980003,65.0,64.440002,64.82,64.624229,1252000,ICE
2017-08-30,64.790001,65.199997,64.639999,64.83000200000001,64.634201,1473500,ICE
2017-08-31,64.989998,65.0,64.540001,64.66999799999999,64.474678,1748100,ICE
2017-09-01,64.839996,65.360001,64.610001,65.099998,64.90338100000001,1407800,ICE
2017-09-05,65.050003,65.07,64.449997,64.949997,64.75383000000001,2818800,ICE
2017-09-06,65.290001,66.190002,65.230003,65.769997,65.57135799999999,2947600,ICE
2017-09-07,65.720001,65.720001,63.93,64.300003,64.105804,2802200,ICE
2017-09-08,64.480003,65.699997,64.290001,65.339996,65.14265400000001,1927200,ICE
2017-09-11,65.650002,66.32,65.58000200000001,65.709999,65.511543,1936400,ICE
2017-09-12,65.660004,66.440002,65.58000200000001,66.379997,66.179512,1313900,ICE
2017-09-13,66.08000200000001,66.279999,65.970001,66.220001,66.020004,1330500,ICE
2017-09-14,66.099998,66.300003,65.769997,66.18,66.18,1229000,ICE
2017-09-15,66.010002,66.300003,65.290001,65.379997,65.379997,3528900,ICE
2017-09-18,65.349998,65.83000200000001,65.129997,65.650002,65.650002,2012700,ICE
2017-09-19,65.760002,66.599998,65.690002,66.32,66.32,1859700,ICE
2017-09-20,66.32,66.879997,66.089996,66.66999799999999,66.66999799999999,2137100,ICE
2017-09-21,66.489998,67.309998,66.43,66.83000200000001,66.83000200000001,1639700,ICE
2017-09-22,66.610001,67.16999799999999,66.610001,67.050003,67.050003,1868500,ICE
2017-09-25,66.970001,67.239998,65.91999799999999,67.220001,67.220001,1667700,ICE
2017-09-26,67.129997,67.68,66.93,66.989998,66.989998,2560600,ICE
2017-09-27,67.260002,68.260002,67.260002,68.129997,68.129997,2298500,ICE
2017-09-28,68.0,68.599998,67.699997,68.540001,68.540001,2000600,ICE
2017-09-29,68.410004,68.879997,68.410004,68.699997,68.699997,1897000,ICE
2017-10-02,68.860001,69.660004,68.699997,69.33000200000001,69.33000200000001,2023200,ICE
2017-10-03,69.110001,70.0,69.029999,69.879997,69.879997,2083100,ICE
2017-10-04,69.91999799999999,70.629997,69.510002,70.459999,70.459999,2645300,ICE
2017-10-05,70.5,71.099998,70.139999,70.959999,70.959999,2345300,ICE
2017-10-06,71.050003,71.239998,68.949997,69.029999,69.029999,4332700,ICE
2017-10-09,69.099998,69.75,68.910004,69.459999,69.459999,1755200,ICE
2017-10-10,69.589996,69.940002,69.199997,69.68,69.68,1558700,ICE
2017-10-11,69.779999,70.099998,69.599998,70.089996,70.089996,1378400,ICE
2017-10-12,70.019997,70.690002,69.889999,69.910004,69.910004,1910100,ICE
2017-10-13,69.91999799999999,70.050003,69.309998,69.389999,69.389999,1944800,ICE
2017-10-16,69.410004,69.459999,68.32,68.400002,68.400002,3874600,ICE
2017-10-17,68.599998,68.629997,67.980003,68.16999799999999,68.16999799999999,4417800,ICE
2017-10-18,68.389999,68.650002,67.879997,68.199997,68.199997,2251900,ICE
2017-10-19,67.620003,67.800003,66.720001,66.849998,66.849998,4447200,ICE
2017-10-20,67.32,67.370003,66.019997,66.120003,66.120003,6052900,ICE
2017-10-23,65.860001,65.959999,65.43,65.690002,65.690002,5645800,ICE
2017-10-24,65.989998,66.040001,65.16999799999999,65.239998,65.239998,4589200,ICE
2017-10-25,65.589996,66.019997,64.910004,65.910004,65.910004,7943600,ICE
2017-10-26,66.0,66.199997,65.370003,65.610001,65.610001,4553100,ICE
2017-10-27,65.989998,66.050003,64.980003,65.480003,65.480003,5242800,ICE
2017-10-30,65.41999799999999,65.660004,65.209999,65.260002,65.260002,2977700,ICE
2017-10-31,65.190002,66.160004,65.150002,66.099998,66.099998,5587300,ICE
2017-11-01,66.199997,66.620003,66.089996,66.220001,66.220001,3741800,ICE
2017-11-02,68.989998,69.25,67.25,68.66999799999999,68.66999799999999,5579300,ICE
2017-11-03,68.190002,68.290001,66.07,66.239998,66.239998,7181400,ICE
2017-11-06,66.370003,66.389999,65.610001,66.199997,66.199997,2806100,ICE
2017-11-07,66.230003,66.650002,65.379997,65.58000200000001,65.58000200000001,2550900,ICE
2017-11-08,65.519997,66.379997,65.519997,65.989998,65.989998,2293700,ICE
2017-11-09,65.629997,66.269997,65.279999,66.199997,66.199997,1867800,ICE
2017-11-10,66.300003,66.5,65.959999,66.269997,66.269997,1621700,ICE
2017-11-13,66.199997,67.260002,66.099998,67.08000200000001,67.08000200000001,2881400,ICE
2017-11-14,66.75,67.639999,66.540001,67.300003,67.300003,1701600,ICE
2017-11-15,66.860001,67.470001,66.449997,66.529999,66.529999,2674800,ICE
2017-11-16,66.599998,66.879997,66.050003,66.08000200000001,66.08000200000001,2511200,ICE
2017-11-17,66.08000200000001,66.75,65.970001,66.589996,66.589996,2811600,ICE
2017-11-20,66.639999,68.41999799999999,66.510002,68.08000200000001,68.08000200000001,3135500,ICE
2017-11-21,68.260002,68.459999,68.050003,68.279999,68.279999,3482400,ICE
2017-11-22,68.5,68.599998,67.410004,67.660004,67.660004,2200800,ICE
2017-11-24,67.849998,68.25,67.66999799999999,67.83000200000001,67.83000200000001,987500,ICE
2017-11-27,67.980003,68.220001,67.800003,68.099998,68.099998,2037000,ICE
2017-11-28,68.08000200000001,69.440002,67.690002,69.349998,69.349998,2729600,ICE
2017-11-29,69.650002,70.870003,69.360001,69.800003,69.800003,2818300,ICE
2017-11-30,70.0,71.800003,69.879997,71.449997,71.449997,5235000,ICE
2017-12-01,71.349998,72.360001,71.209999,72.07,72.07,5741000,ICE
2017-12-04,72.839996,72.989998,71.540001,71.83000200000001,71.83000200000001,3049200,ICE
2017-12-05,71.75,72.32,70.309998,70.949997,70.949997,3376200,ICE
2017-12-06,71.029999,71.16999799999999,70.110001,70.68,70.68,1152141,ICE
