Date,Open,High,Low,Close,Volume,Name
2012-08-13,100.91,101.75,99.55,100.13,1001712,WYNN
2012-08-14,101.04,101.34,99.32,99.54,911169,WYNN
2012-08-15,99.36,100.5,99.09,100.21,802099,WYNN
2012-08-16,100.69,104.78,100.4,104.24,2194351,WYNN
2012-08-17,104.78,105.38,103.71,104.8,1208844,WYNN
2012-08-20,108.1,110.0,105.25,105.6,1930889,WYNN
2012-08-21,105.65,107.5,104.84,105.41,1615740,WYNN
2012-08-22,105.36,107.1,104.84,105.8,1453661,WYNN
2012-08-23,106.11,106.7,105.11,105.15,1110998,WYNN
2012-08-24,104.53,105.61,103.48,105.33,1287489,WYNN
2012-08-27,106.13,106.3,104.51,105.47,1183733,WYNN
2012-08-28,105.0,105.95,104.32,105.23,1128941,WYNN
2012-08-29,105.25,105.68,103.66,104.92,1228311,WYNN
2012-08-30,104.52,104.52,102.36,102.85,1028625,WYNN
2012-08-31,103.8,105.05,102.84,103.17,970553,WYNN
2012-09-04,102.6,102.89,100.38,100.72,1817195,WYNN
2012-09-05,100.58,101.14,99.32,99.61,1580460,WYNN
2012-09-06,100.78,102.25,100.47,101.55,2193285,WYNN
2012-09-07,102.0,103.85,101.71,102.74,2416687,WYNN
2012-09-10,104.1,104.5,102.76,103.09,1668754,WYNN
2012-09-11,102.4,105.21,102.29,104.8,1452252,WYNN
2012-09-12,105.7,107.82,105.68,107.45,2451607,WYNN
2012-09-13,106.75,110.42,106.49,110.02,1766833,WYNN
2012-09-14,110.95,114.5,110.8,113.02,3451701,WYNN
2012-09-17,114.16,115.19,111.95,112.47,1439443,WYNN
2012-09-18,112.39,113.44,111.66,112.73,1100544,WYNN
2012-09-19,113.25,116.39,112.77,115.69,2458696,WYNN
2012-09-20,114.43,114.97,113.0,114.9,1347171,WYNN
2012-09-21,115.5,115.5,113.42,114.37,2378625,WYNN
2012-09-24,113.29,114.78,113.11,114.07,1052748,WYNN
2012-09-25,115.48,116.47,113.53,113.93,1876603,WYNN
2012-09-26,113.91,114.73,111.9,113.71,1079413,WYNN
2012-09-27,114.21,116.22,113.3,115.43,1535307,WYNN
2012-09-28,114.8,116.1,114.14,115.44,1074328,WYNN
2012-10-01,116.0,117.82,114.98,115.58,1386514,WYNN
2012-10-02,116.41,116.41,113.45,114.61,1415741,WYNN
2012-10-03,115.16,115.75,114.09,114.87,733957,WYNN
2012-10-04,113.87,114.8,111.87,114.02,1702151,WYNN
2012-10-05,115.13,115.88,113.14,113.81,2176045,WYNN
2012-10-08,113.26,113.64,112.0,112.68,1026240,WYNN
2012-10-09,112.77,114.13,110.93,111.78,1170085,WYNN
2012-10-10,112.16,113.21,109.95,111.02,1098716,WYNN
2012-10-11,112.02,112.86,111.15,112.46,1085330,WYNN
2012-10-12,113.41,114.98,113.0,113.81,1163277,WYNN
2012-10-15,113.89,116.5,113.53,116.25,1209612,WYNN
2012-10-16,116.89,118.98,116.32,117.8,1764031,WYNN
2012-10-17,117.82,119.29,116.81,118.95,1220348,WYNN
2012-10-18,119.06,119.5,117.36,118.3,1321740,WYNN
2012-10-19,117.9,117.9,114.79,115.62,1636555,WYNN
2012-10-22,114.22,116.49,114.22,115.46,1027335,WYNN
2012-10-23,114.1,114.79,113.25,114.38,1154396,WYNN
2012-10-24,114.04,116.0,111.82,112.29,1919249,WYNN
2012-10-25,118.13,121.0,117.63,120.43,5254915,WYNN
2012-10-26,121.5,121.54,118.07,118.97,3151632,WYNN
2012-10-31,119.18,121.4,118.11,121.06,3376233,WYNN
2012-11-01,121.24,123.64,118.77,122.9,2106697,WYNN
2012-11-02,123.46,123.54,120.48,120.8,1831522,WYNN
2012-11-05,114.0,114.48,110.8,111.52,2148593,WYNN
2012-11-06,112.11,112.75,110.52,112.21,1673315,WYNN
2012-11-07,111.09,112.18,109.77,111.03,1553795,WYNN
2012-11-08,110.61,111.55,108.71,109.25,1672777,WYNN
2012-11-09,108.46,109.87,108.23,108.35,1574706,WYNN
2012-11-12,108.67,109.15,106.66,107.42,1139473,WYNN
2012-11-13,106.96,108.48,105.58,106.93,1747683,WYNN
2012-11-14,107.67,107.71,104.05,104.56,2096571,WYNN
2012-11-15,104.31,105.61,103.34,104.55,1461119,WYNN
2012-11-16,107.61,109.41,103.88,104.33,2014254,WYNN
2012-11-19,106.11,107.3,104.92,105.79,1338259,WYNN
2012-11-20,106.38,107.48,105.57,106.87,956603,WYNN
2012-11-21,106.61,108.29,106.61,108.03,1000600,WYNN
2012-11-23,108.77,109.42,107.93,109.33,554732,WYNN
2012-11-26,108.98,109.18,106.63,107.57,1192597,WYNN
2012-11-27,107.14,109.49,107.14,108.26,1017901,WYNN
2012-11-28,108.8,111.86,107.84,111.69,2747164,WYNN
2012-11-29,112.0,113.36,110.5,112.03,1337472,WYNN
2012-11-30,112.1,112.73,111.32,112.4,958736,WYNN
2012-12-03,112.97,115.69,112.97,113.4,1393905,WYNN
2012-12-04,108.85,110.62,107.5,110.12,2986384,WYNN
2012-12-05,110.11,110.74,109.02,109.94,1566044,WYNN
2012-12-06,110.0,111.74,109.75,111.45,1018346,WYNN
2012-12-07,111.75,112.63,109.13,110.26,1108408,WYNN
2012-12-10,110.39,110.49,108.92,110.04,959675,WYNN
2012-12-11,111.25,111.75,109.28,109.8,1593857,WYNN
2012-12-12,110.82,114.45,110.27,113.46,2570476,WYNN
2012-12-13,113.37,115.16,113.16,114.22,1114999,WYNN
2012-12-14,112.24,114.92,111.99,113.75,1296645,WYNN
2012-12-17,114.28,114.59,112.45,113.69,957282,WYNN
2012-12-18,113.8,115.01,113.02,113.95,2637768,WYNN
2012-12-19,113.95,115.67,113.03,113.64,1056403,WYNN
2012-12-20,114.16,114.75,113.14,114.28,620216,WYNN
2012-12-21,112.96,113.64,112.16,113.51,1078327,WYNN
2012-12-24,113.12,113.48,111.77,112.52,289507,WYNN
2012-12-26,112.61,112.98,110.89,111.55,510419,WYNN
2012-12-27,111.9,112.08,108.93,111.01,865348,WYNN
2012-12-28,110.48,112.29,109.48,109.67,2159735,WYNN
2012-12-31,109.58,112.54,109.13,112.49,1139968,WYNN
2013-01-02,116.37,119.02,115.88,118.07,2486915,WYNN
2013-01-03,118.57,121.06,118.34,119.34,1731879,WYNN
2013-01-04,119.93,122.21,119.4,120.78,2129025,WYNN
2013-01-07,120.73,121.99,120.26,121.19,1501028,WYNN
2013-01-08,121.04,121.88,119.83,121.09,976235,WYNN
2013-01-09,121.37,123.72,121.2,121.52,1869819,WYNN
2013-01-10,123.65,123.69,120.26,122.9,1462007,WYNN
2013-01-11,122.76,123.36,121.77,122.99,889429,WYNN
2013-01-14,122.84,123.87,122.5,122.8,868005,WYNN
2013-01-15,122.64,123.95,122.26,123.8,1001768,WYNN
2013-01-16,122.71,123.32,122.21,122.96,828232,WYNN
2013-01-17,123.51,123.82,122.22,123.46,824640,WYNN
2013-01-18,125.15,126.11,123.71,124.06,1352546,WYNN
2013-01-22,123.61,124.66,122.67,124.32,750971,WYNN
2013-01-23,124.4,124.98,122.75,123.13,1017410,WYNN
2013-01-24,123.58,124.57,122.54,122.68,1378401,WYNN
2013-01-25,123.06,124.34,122.7,123.93,930875,WYNN
2013-01-28,123.21,124.97,123.05,123.54,933804,WYNN
2013-01-29,123.27,123.95,121.85,122.39,1003673,WYNN
2013-01-30,122.08,123.86,122.06,123.49,1225856,WYNN
2013-01-31,125.5,126.95,123.32,125.22,3266563,WYNN
2013-02-01,123.99,126.66,122.5,126.37,3616572,WYNN
2013-02-04,125.35,126.98,124.56,124.76,1434126,WYNN
2013-02-05,124.75,126.77,124.75,125.75,1040281,WYNN
2013-02-06,121.43,124.82,120.91,123.3,2739091,WYNN
2013-02-07,123.28,123.28,120.77,122.83,1417682,WYNN
2013-02-08,123.51,126.92,123.5,126.52,1467980,WYNN
2013-02-11,126.88,126.88,123.56,124.1,1325558,WYNN
2013-02-12,123.57,124.01,122.5,122.67,813480,WYNN
2013-02-13,123.6,124.24,122.39,122.4,1253451,WYNN
2013-02-14,122.8,123.25,121.49,123.2,887230,WYNN
2013-02-15,123.08,123.52,122.01,122.96,1088332,WYNN
2013-02-19,120.9,120.91,118.07,120.39,1901299,WYNN
2013-02-20,120.18,120.92,116.33,116.56,1651498,WYNN
2013-02-21,116.31,116.32,113.85,115.53,1664853,WYNN
2013-02-22,116.15,117.85,115.02,117.34,1296693,WYNN
2013-02-25,118.56,120.68,115.51,115.56,1625328,WYNN
2013-02-26,115.78,116.32,113.39,115.5,1387543,WYNN
2013-02-27,115.88,118.33,115.28,117.64,1449996,WYNN
2013-02-28,117.24,119.25,116.9,116.9,964344,WYNN
2013-03-01,116.95,117.3,115.14,116.57,1041064,WYNN
2013-03-04,116.15,117.49,115.12,116.55,1333130,WYNN
2013-03-05,116.88,117.33,115.91,116.0,959721,WYNN
2013-03-06,116.39,118.28,115.83,117.3,1034160,WYNN
2013-03-07,117.27,118.27,116.46,117.21,835707,WYNN
2013-03-08,118.02,118.22,116.66,117.35,908174,WYNN
2013-03-11,117.58,119.28,117.24,118.15,1231505,WYNN
2013-03-12,117.84,118.0,116.6,117.98,1103957,WYNN
2013-03-13,118.18,119.47,117.47,118.63,762388,WYNN
2013-03-14,118.99,119.98,118.66,119.81,725270,WYNN
2013-03-15,119.52,120.24,118.5,119.97,1565317,WYNN
2013-03-18,118.71,121.81,118.24,120.11,1065637,WYNN
2013-03-19,120.36,121.33,119.0,119.93,807087,WYNN
2013-03-20,121.1,122.79,120.83,122.32,907790,WYNN
2013-03-21,121.99,122.88,121.09,121.09,657974,WYNN
2013-03-22,121.81,122.9,121.21,122.08,767714,WYNN
2013-03-25,122.88,124.65,121.5,121.64,2148665,WYNN
2013-03-26,122.6,125.0,121.95,124.54,1087340,WYNN
2013-03-27,123.86,124.44,122.76,124.13,800494,WYNN
2013-03-28,124.25,125.41,123.36,125.16,880120,WYNN
2013-04-01,125.23,125.23,122.41,123.19,970221,WYNN
2013-04-02,123.75,124.24,122.51,123.26,1012427,WYNN
2013-04-03,123.07,123.12,119.75,120.4,1164070,WYNN
2013-04-04,120.55,120.57,118.66,118.8,1185082,WYNN
2013-04-05,116.6,118.17,114.41,118.04,2383506,WYNN
2013-04-08,118.17,123.28,118.17,122.68,1464200,WYNN
2013-04-09,123.29,124.74,122.64,123.53,1046379,WYNN
2013-04-10,123.7,126.47,123.6,126.36,903648,WYNN
2013-04-11,126.48,128.21,126.27,127.16,1298474,WYNN
2013-04-12,127.0,129.39,126.56,128.54,1248726,WYNN
2013-04-15,127.51,128.2,123.18,124.13,1507410,WYNN
2013-04-16,125.02,127.44,125.0,127.04,1508191,WYNN
2013-04-17,126.29,126.36,123.17,124.33,1360105,WYNN
2013-04-18,124.79,125.32,122.24,123.94,1109028,WYNN
2013-04-19,125.16,127.93,124.71,127.56,1293740,WYNN
2013-04-22,127.95,128.63,126.74,128.4,1073687,WYNN
2013-04-23,129.05,129.91,127.35,129.37,1434795,WYNN
2013-04-24,130.0,132.04,129.92,131.5,1533818,WYNN
2013-04-25,133.5,135.98,132.9,134.91,2776329,WYNN
2013-04-26,135.4,136.27,133.84,135.5,1900651,WYNN
2013-04-29,135.69,136.51,133.44,135.8,1214832,WYNN
2013-04-30,136.26,137.53,135.59,137.3,1482413,WYNN
2013-05-01,136.87,137.39,135.55,136.22,1085586,WYNN
2013-05-02,137.15,138.43,136.06,136.62,1490685,WYNN
2013-05-03,138.23,139.0,136.39,138.8,1553611,WYNN
2013-05-06,138.85,140.34,138.05,138.68,1155654,WYNN
2013-05-07,138.03,139.53,137.49,138.84,1064180,WYNN
2013-05-08,139.05,139.92,138.05,138.84,720798,WYNN
2013-05-09,138.33,140.09,137.26,139.55,1884921,WYNN
2013-05-10,139.66,140.43,138.74,139.1,844644,WYNN
2013-05-13,139.19,140.39,138.24,140.36,1252018,WYNN
2013-05-14,140.5,142.65,140.26,142.14,917296,WYNN
2013-05-15,141.81,142.4,138.96,139.76,1328404,WYNN
2013-05-16,138.99,141.27,138.99,139.36,957525,WYNN
2013-05-17,140.58,141.65,140.11,140.99,983114,WYNN
2013-05-20,141.48,143.56,141.05,143.11,1094509,WYNN
2013-05-21,143.26,144.17,141.49,142.43,738607,WYNN
2013-05-22,143.18,144.99,140.85,141.64,1365920,WYNN
2013-05-23,139.79,140.0,137.36,138.45,1460004,WYNN
2013-05-24,137.15,138.44,136.5,137.9,944256,WYNN
2013-05-28,139.68,142.53,139.53,140.58,1036358,WYNN
2013-05-29,140.37,141.01,137.83,138.48,1086634,WYNN
2013-05-30,138.98,139.38,137.9,138.12,2453387,WYNN
2013-05-31,137.18,139.06,135.89,135.89,1072699,WYNN
2013-06-03,136.26,138.22,134.69,138.1,1309193,WYNN
2013-06-04,137.89,138.5,135.28,136.84,1057794,WYNN
2013-06-05,135.98,136.99,133.01,133.78,1120682,WYNN
2013-06-06,133.5,135.19,133.01,134.94,1155850,WYNN
2013-06-07,135.77,138.1,135.19,137.5,1104559,WYNN
2013-06-10,137.96,140.41,137.51,138.96,1325083,WYNN
2013-06-11,136.69,136.97,134.24,134.78,1382407,WYNN
2013-06-12,135.49,136.3,133.46,133.89,907271,WYNN
2013-06-13,133.56,137.05,132.16,136.52,1137846,WYNN
2013-06-14,135.97,137.11,134.43,135.14,1023135,WYNN
2013-06-17,137.0,140.25,136.11,138.39,2189504,WYNN
2013-06-18,138.87,140.4,138.58,139.3,955035,WYNN
2013-06-19,140.25,140.25,137.68,137.86,831849,WYNN
2013-06-20,136.48,136.51,130.62,132.17,2678186,WYNN
2013-06-21,132.98,133.61,127.37,129.69,3216596,WYNN
2013-06-24,126.63,127.0,121.84,124.12,3326278,WYNN
2013-06-25,126.42,127.45,125.55,125.6,2084518,WYNN
2013-06-26,127.51,129.45,126.62,127.23,1697256,WYNN
2013-06-27,128.07,129.7,127.55,128.6,1011832,WYNN
2013-06-28,128.4,129.26,127.89,127.97,1154388,WYNN
2013-07-01,129.28,130.55,128.27,128.46,1082599,WYNN
2013-07-02,128.38,129.15,124.91,126.18,1674387,WYNN
2013-07-03,125.19,127.0,124.57,126.14,601348,WYNN
2013-07-05,127.41,127.95,125.55,127.08,623068,WYNN
2013-07-08,127.32,129.09,126.78,126.98,1457067,WYNN
2013-07-09,127.21,127.89,125.42,126.59,1411964,WYNN
2013-07-10,126.44,127.55,125.97,127.27,994104,WYNN
2013-07-11,129.5,132.46,128.1,131.63,2463241,WYNN
2013-07-12,131.41,131.84,129.77,130.78,1389396,WYNN
2013-07-15,130.78,132.83,130.56,131.99,1263056,WYNN
2013-07-16,132.51,133.44,131.18,132.47,1097521,WYNN
2013-07-17,133.14,133.43,130.91,131.51,859401,WYNN
2013-07-18,131.62,133.99,131.62,133.1,953770,WYNN
2013-07-19,133.3,133.3,132.02,133.09,935805,WYNN
2013-07-22,132.36,133.65,131.19,133.38,1432214,WYNN
2013-07-23,133.18,133.59,131.43,131.52,1271938,WYNN
2013-07-24,132.68,132.78,130.38,131.13,1276385,WYNN
2013-07-25,131.12,131.67,128.41,130.16,1445039,WYNN
2013-07-26,128.51,131.22,128.51,130.98,1140616,WYNN
2013-07-29,128.9,133.0,128.8,131.27,1427555,WYNN
2013-07-30,132.5,134.34,131.9,133.07,1205855,WYNN
2013-07-31,134.06,134.75,132.61,133.13,923565,WYNN
2013-08-01,135.26,138.08,134.35,137.44,1513579,WYNN
2013-08-02,137.45,140.18,136.42,139.85,1417369,WYNN
2013-08-05,139.08,141.06,139.08,140.9,1004774,WYNN
2013-08-06,140.9,141.45,138.63,139.18,1039146,WYNN
2013-08-07,139.15,139.82,137.47,139.01,1146597,WYNN
2013-08-08,138.47,140.15,137.56,139.45,1074992,WYNN
2013-08-09,139.08,139.53,137.27,138.13,703590,WYNN
2013-08-12,137.41,139.37,137.07,138.43,627877,WYNN
2013-08-13,138.9,140.38,138.11,139.62,739419,WYNN
2013-08-14,139.59,140.64,139.13,140.17,2268833,WYNN
2013-08-15,139.03,139.61,137.69,139.08,956620,WYNN
2013-08-16,139.36,140.82,138.47,138.57,845962,WYNN
2013-08-19,138.34,141.31,138.01,139.18,898163,WYNN
2013-08-20,139.36,140.79,139.12,139.9,1243772,WYNN
2013-08-21,139.7,140.67,138.18,139.04,837743,WYNN
2013-08-22,139.55,141.89,139.38,141.26,700957,WYNN
2013-08-23,141.26,142.25,140.84,141.92,542552,WYNN
2013-08-26,141.79,146.04,141.79,142.94,1287602,WYNN
2013-08-27,141.19,141.96,138.75,139.21,986329,WYNN
2013-08-28,139.38,141.5,138.7,140.77,1005372,WYNN
2013-08-29,140.5,142.68,140.33,141.87,929991,WYNN
2013-08-30,142.59,142.64,140.26,141.04,705189,WYNN
2013-09-03,142.3,143.88,141.3,141.68,1293457,WYNN
2013-09-04,141.51,142.38,140.5,141.38,1409493,WYNN
2013-09-05,141.6,143.5,141.24,142.69,707119,WYNN
2013-09-06,143.73,144.17,141.23,143.43,916160,WYNN
2013-09-09,143.42,146.36,143.33,145.35,1021041,WYNN
2013-09-10,146.47,149.9,146.27,149.24,1377467,WYNN
2013-09-11,149.74,151.19,148.86,150.87,1123438,WYNN
2013-09-12,151.25,151.25,148.74,149.65,543434,WYNN
2013-09-13,150.1,150.81,148.9,150.35,464355,WYNN
2013-09-16,151.89,152.61,149.71,149.98,880191,WYNN
2013-09-17,150.43,152.2,150.3,150.76,764755,WYNN
2013-09-18,150.41,153.47,150.08,153.03,1110971,WYNN
2013-09-19,153.8,155.0,152.8,154.56,921562,WYNN
2013-09-20,154.99,155.87,153.87,155.22,1391986,WYNN
2013-09-23,155.04,155.64,154.21,155.03,836643,WYNN
2013-09-24,154.57,157.49,154.36,156.12,698259,WYNN
2013-09-25,156.72,158.13,155.13,157.61,1613538,WYNN
2013-09-26,158.01,159.85,157.9,159.74,1101144,WYNN
2013-09-27,159.02,159.24,157.31,158.0,788222,WYNN
2013-09-30,156.42,158.89,155.39,158.01,1074483,WYNN
2013-10-01,157.81,160.15,157.74,160.07,1676171,WYNN
2013-10-02,159.28,161.62,158.84,161.35,940596,WYNN
2013-10-03,161.76,162.33,159.11,160.66,2177656,WYNN
2013-10-04,159.11,161.06,158.81,160.18,996362,WYNN
2013-10-07,159.03,160.59,158.14,159.04,1109462,WYNN
2013-10-08,159.69,161.53,156.79,157.21,1538103,WYNN
2013-10-09,158.39,158.95,155.77,157.73,1309154,WYNN
2013-10-10,159.0,163.66,159.0,162.35,1326552,WYNN
2013-10-11,162.31,166.78,162.31,166.61,1147969,WYNN
2013-10-14,165.75,167.81,164.66,167.15,882160,WYNN
2013-10-15,167.76,170.16,166.2,167.2,1711212,WYNN
2013-10-16,168.2,170.79,167.36,168.58,1001163,WYNN
2013-10-17,168.4,169.84,167.11,169.46,992010,WYNN
2013-10-18,171.21,172.75,170.15,171.92,1007342,WYNN
2013-10-21,172.43,173.34,171.63,173.13,913683,WYNN
2013-10-22,173.14,173.38,168.31,169.99,1727127,WYNN
2013-10-23,169.67,170.19,166.19,166.46,1472442,WYNN
2013-10-24,167.76,173.22,166.9,172.85,1507214,WYNN
2013-10-25,168.06,168.91,163.8,168.18,2640229,WYNN
2013-10-28,168.08,168.88,165.5,168.4,1176329,WYNN
2013-10-29,168.89,168.89,166.76,168.8,741143,WYNN
2013-10-30,169.99,171.97,168.0,169.55,918887,WYNN
2013-10-31,168.58,169.53,165.63,166.25,1056772,WYNN
2013-11-01,166.96,167.95,166.42,167.7,816322,WYNN
2013-11-04,167.88,168.38,165.92,166.49,1035173,WYNN
2013-11-05,165.0,166.38,164.54,165.2,1093764,WYNN
2013-11-06,166.75,166.89,163.42,164.38,1270966,WYNN
2013-11-07,165.05,165.35,159.37,159.51,2623948,WYNN
2013-11-08,159.86,164.24,159.86,163.71,2473923,WYNN
2013-11-11,163.99,166.18,162.95,165.03,725233,WYNN
2013-11-12,164.82,167.65,164.4,167.38,2799426,WYNN
2013-11-13,165.75,170.24,165.6,170.21,1024840,WYNN
2013-11-14,170.12,170.31,167.76,168.51,712093,WYNN
2013-11-15,168.51,169.66,165.6,166.39,1412047,WYNN
2013-11-18,164.55,166.64,163.0,163.59,905146,WYNN
2013-11-19,163.19,163.81,158.14,159.2,1396522,WYNN
2013-11-20,160.47,160.96,157.48,158.39,780101,WYNN
2013-11-21,159.97,165.0,159.32,163.53,2879376,WYNN
2013-11-22,163.57,164.02,161.12,162.45,717949,WYNN
2013-11-25,163.15,164.61,162.9,163.67,638597,WYNN
2013-11-26,163.72,164.83,163.01,164.0,544305,WYNN
2013-11-27,164.19,166.45,163.5,165.56,617598,WYNN
2013-11-29,165.85,167.41,164.95,165.87,565483,WYNN
2013-12-02,165.57,167.37,164.12,164.74,750104,WYNN
2013-12-03,164.0,165.37,161.88,163.31,1287607,WYNN
2013-12-04,162.72,168.99,162.13,167.78,1573472,WYNN
2013-12-05,167.67,172.87,167.1,171.41,1694184,WYNN
2013-12-06,173.0,174.0,169.72,173.16,1383832,WYNN
2013-12-09,173.5,179.12,173.5,178.53,2597985,WYNN
2013-12-10,178.49,181.76,176.41,181.15,1742187,WYNN
2013-12-11,181.7,183.44,180.02,180.7,1603076,WYNN
2013-12-12,180.84,182.41,178.48,179.49,1277813,WYNN
2013-12-13,181.02,182.26,179.92,181.76,968642,WYNN
2013-12-16,183.2,185.41,181.24,182.82,1287239,WYNN
2013-12-17,183.23,184.01,180.84,182.48,1063627,WYNN
2013-12-18,183.53,186.96,181.5,186.67,1147108,WYNN
2013-12-19,186.0,187.35,183.06,185.11,1047262,WYNN
2013-12-20,186.01,186.07,181.89,185.35,1534641,WYNN
2013-12-23,186.65,186.65,184.01,185.15,801715,WYNN
2013-12-24,185.99,190.8,185.18,189.25,862527,WYNN
2013-12-26,189.35,191.58,188.81,191.04,692398,WYNN
2013-12-27,191.21,191.9,190.03,191.25,587479,WYNN
2013-12-30,190.83,194.38,190.7,193.29,1950055,WYNN
2013-12-31,193.3,194.53,191.83,194.21,731522,WYNN
2014-01-02,194.14,199.88,193.12,197.94,3056065,WYNN
2014-01-03,198.15,198.75,195.12,196.0,1169540,WYNN
2014-01-06,198.29,198.84,195.2,195.86,1289126,WYNN
2014-01-07,196.65,202.88,196.65,201.51,1688085,WYNN
2014-01-08,202.67,205.4,201.37,205.29,1406668,WYNN
2014-01-09,205.75,206.49,203.15,204.77,1228410,WYNN
2014-01-10,204.35,207.24,202.26,206.86,1153304,WYNN
2014-01-13,206.1,209.74,203.36,203.47,1619351,WYNN
2014-01-14,203.94,207.94,202.54,207.6,1587641,WYNN
2014-01-15,207.9,210.41,207.09,210.1,1025836,WYNN
2014-01-16,209.06,210.12,207.84,210.09,904379,WYNN
2014-01-17,209.28,215.99,209.28,215.7,1709625,WYNN
2014-01-21,216.56,216.99,209.98,212.27,1815601,WYNN
2014-01-22,209.42,209.5,206.03,208.79,1768281,WYNN
2014-01-23,206.5,206.9,203.72,205.26,1758477,WYNN
2014-01-24,203.89,204.34,192.96,193.14,3093851,WYNN
2014-01-27,195.07,195.79,189.03,191.83,2996985,WYNN
2014-01-28,193.0,198.8,193.0,197.15,1596083,WYNN
2014-01-29,195.56,196.54,193.12,193.87,1717065,WYNN
2014-01-30,196.39,202.73,195.48,201.51,2490558,WYNN
2014-01-31,205.27,219.91,204.31,217.42,4805653,WYNN
2014-02-03,216.06,216.62,205.8,209.47,3341365,WYNN
2014-02-04,211.51,214.16,208.31,213.55,2185495,WYNN
2014-02-05,202.99,211.0,202.2,209.55,3300286,WYNN
2014-02-06,212.88,217.5,211.0,216.7,1957615,WYNN
2014-02-07,217.92,222.45,216.04,221.95,1665162,WYNN
2014-02-10,222.18,224.62,221.34,222.37,1905153,WYNN
2014-02-11,222.01,224.94,220.17,224.29,1633405,WYNN
2014-02-12,224.89,226.0,220.0,221.12,1415175,WYNN
2014-02-13,219.02,223.76,218.0,221.28,1550128,WYNN
2014-02-14,220.3,222.45,219.6,222.34,943760,WYNN
2014-02-18,222.21,225.86,221.51,224.1,1269820,WYNN
2014-02-19,223.32,223.99,219.21,220.92,1521346,WYNN
2014-02-20,220.95,225.92,220.94,223.5,1742909,WYNN
2014-02-21,224.5,228.75,221.84,228.35,1791290,WYNN
2014-02-24,229.57,236.61,229.19,235.59,1759101,WYNN
2014-02-25,236.76,240.52,233.61,235.15,1690251,WYNN
2014-02-26,235.86,240.03,234.46,236.89,1431872,WYNN
2014-02-27,237.6,242.22,236.22,241.96,1449968,WYNN
2014-02-28,242.06,244.0,239.5,242.49,1485564,WYNN
2014-03-03,239.57,244.58,238.07,242.88,1727340,WYNN
2014-03-04,245.26,248.0,244.44,247.95,1160900,WYNN
2014-03-05,248.72,249.31,245.6,247.76,904972,WYNN
2014-03-06,248.99,249.1,247.0,247.83,1134172,WYNN
2014-03-07,248.85,249.25,244.97,246.65,848546,WYNN
2014-03-10,246.71,246.88,239.64,240.57,1329592,WYNN
2014-03-11,241.99,245.21,238.9,240.13,1123793,WYNN
2014-03-12,238.75,240.14,236.08,239.54,1281317,WYNN
2014-03-13,240.0,240.97,230.82,232.23,1428944,WYNN
2014-03-14,230.31,231.54,227.18,229.65,1704975,WYNN
2014-03-17,230.57,235.36,229.52,233.28,1217211,WYNN
2014-03-18,233.33,236.9,232.09,234.32,896216,WYNN
2014-03-19,233.94,236.23,227.77,229.01,1048076,WYNN
2014-03-20,227.29,229.4,224.27,228.59,1182758,WYNN
2014-03-21,227.56,231.95,226.06,226.2,1283845,WYNN
2014-03-24,227.22,227.39,219.25,224.29,1338567,WYNN
2014-03-25,225.19,226.69,219.46,219.5,1595582,WYNN
2014-03-26,220.87,221.0,212.76,214.87,2644819,WYNN
2014-03-27,211.51,214.16,207.06,213.76,2745664,WYNN
2014-03-28,214.11,220.5,212.97,217.51,2115104,WYNN
2014-03-31,219.88,225.69,219.38,222.15,1680646,WYNN
2014-04-01,229.42,231.0,226.35,227.18,1691707,WYNN
2014-04-02,230.0,230.43,225.77,227.46,988810,WYNN
2014-04-03,226.95,229.78,220.29,222.32,1223194,WYNN
2014-04-04,223.18,225.5,211.73,213.64,1785611,WYNN
2014-04-07,212.81,212.98,206.32,210.71,2497078,WYNN
2014-04-08,210.84,215.0,207.45,212.87,2197683,WYNN
2014-04-09,216.64,222.11,214.41,220.3,1634575,WYNN
2014-04-10,222.02,224.68,209.3,210.84,2088969,WYNN
2014-04-11,208.04,214.27,206.0,211.33,1707198,WYNN
2014-04-14,212.78,218.0,208.0,210.4,1999250,WYNN
2014-04-15,210.24,211.62,194.64,202.82,3892627,WYNN
2014-04-16,204.7,209.0,202.9,205.0,2440079,WYNN
2014-04-17,204.59,209.08,204.38,208.0,1863101,WYNN
2014-04-21,207.5,209.9,202.64,204.44,1338512,WYNN
2014-04-22,208.0,216.99,206.83,216.09,1865591,WYNN
2014-04-23,216.65,217.54,205.44,206.82,2116213,WYNN
2014-04-24,209.12,213.4,206.1,213.13,2516610,WYNN
2014-04-25,211.22,211.94,200.18,201.49,2456168,WYNN
2014-04-28,201.78,204.36,188.43,193.64,3760690,WYNN
2014-04-29,196.36,204.87,195.43,203.61,2517187,WYNN
2014-04-30,199.92,204.86,198.23,203.89,1731860,WYNN
2014-05-01,205.22,207.5,200.92,206.63,2695930,WYNN
2014-05-02,214.3,222.33,213.0,221.68,3981540,WYNN
2014-05-05,219.73,220.06,214.01,216.65,2698558,WYNN
2014-05-06,216.16,217.85,207.48,207.55,2411824,WYNN
2014-05-07,207.4,209.58,196.55,204.94,3474192,WYNN
2014-05-08,197.67,207.0,195.1,196.45,3543170,WYNN
2014-05-09,198.94,201.9,196.4,200.49,1639725,WYNN
2014-05-12,200.8,207.24,200.8,203.68,1753273,WYNN
2014-05-13,203.75,207.39,201.43,206.0,1720732,WYNN
2014-05-14,205.31,205.46,200.07,201.22,2391732,WYNN
2014-05-15,200.97,202.35,195.09,201.72,2148679,WYNN
2014-05-16,201.84,203.35,197.52,201.77,2366442,WYNN
2014-05-19,200.48,206.3,198.52,203.56,6950222,WYNN
2014-05-20,202.09,204.34,199.08,200.2,2034723,WYNN
2014-05-21,201.13,205.0,200.55,204.85,1555224,WYNN
2014-05-22,205.75,210.26,204.66,208.35,1594489,WYNN
2014-05-23,208.77,209.25,205.17,207.86,1304175,WYNN
2014-05-27,208.32,215.98,208.32,215.65,2183090,WYNN
2014-05-28,216.68,218.64,214.45,218.0,1584260,WYNN
2014-05-29,218.24,220.0,215.73,219.99,944194,WYNN
2014-05-30,220.0,220.0,213.96,214.97,1359695,WYNN
2014-06-02,215.23,218.04,213.6,218.02,695456,WYNN
2014-06-03,212.93,212.93,206.6,208.23,2202006,WYNN
2014-06-04,206.52,211.0,206.0,210.21,1032704,WYNN
2014-06-05,210.14,211.99,205.59,205.85,1344117,WYNN
2014-06-06,206.29,207.17,204.07,204.98,875277,WYNN
2014-06-09,200.24,201.49,195.8,199.05,2571638,WYNN
2014-06-10,197.16,198.23,193.5,197.87,2564560,WYNN
2014-06-11,198.83,202.0,198.24,201.08,1374475,WYNN
2014-06-12,201.08,201.88,196.77,197.21,1080083,WYNN
2014-06-13,198.02,201.46,197.04,201.06,1078253,WYNN
2014-06-16,198.5,199.91,197.0,199.12,1052809,WYNN
2014-06-17,197.5,198.73,196.25,197.45,1350533,WYNN
2014-06-18,196.09,199.62,194.73,199.4,1259667,WYNN
2014-06-19,200.79,205.0,200.7,202.61,1464022,WYNN
2014-06-20,202.9,203.66,200.15,200.79,1695579,WYNN
2014-06-23,199.12,201.45,197.18,201.16,1393935,WYNN
2014-06-24,201.7,204.91,201.13,201.64,1547516,WYNN
2014-06-25,201.19,204.98,200.62,203.6,1165558,WYNN
2014-06-26,206.6,210.15,206.13,208.04,1745141,WYNN
2014-06-27,209.72,211.01,206.61,206.89,1110984,WYNN
2014-06-30,208.02,208.51,205.51,207.56,899984,WYNN
2014-07-01,207.93,212.36,207.64,210.14,1117879,WYNN
2014-07-02,210.14,212.73,209.41,211.63,1364145,WYNN
2014-07-03,212.05,213.08,211.01,211.91,672460,WYNN
2014-07-07,209.43,210.93,206.4,208.58,1302939,WYNN
2014-07-08,206.96,207.94,200.66,202.18,1646490,WYNN
2014-07-09,201.5,206.23,199.37,206.06,1292471,WYNN
2014-07-10,201.98,204.3,200.25,203.19,873802,WYNN
2014-07-11,202.62,204.3,201.3,202.73,660161,WYNN
2014-07-14,204.65,207.39,202.6,202.92,905127,WYNN
2014-07-15,204.64,205.16,200.25,202.51,1158787,WYNN
2014-07-16,204.12,204.8,202.21,203.86,1229421,WYNN
2014-07-17,199.37,203.1,198.5,199.19,2111487,WYNN
2014-07-18,200.62,202.0,199.91,201.0,1012776,WYNN
2014-07-21,200.1,202.61,199.6,202.51,1184380,WYNN
2014-07-22,203.87,208.37,203.38,207.29,1218274,WYNN
2014-07-23,207.37,207.97,205.33,206.25,792196,WYNN
2014-07-24,207.22,208.26,204.49,205.03,823608,WYNN
2014-07-25,203.9,206.15,203.01,204.47,835113,WYNN
2014-07-28,205.66,211.09,205.66,210.97,2772759,WYNN
2014-07-29,211.26,220.5,211.2,217.41,5161160,WYNN
2014-07-30,218.3,219.2,214.74,218.61,1773712,WYNN
2014-07-31,216.19,218.68,212.72,213.2,1962036,WYNN
2014-08-01,212.57,214.57,208.36,210.04,1690410,WYNN
2014-08-04,210.0,214.32,208.57,213.5,1252871,WYNN
2014-08-05,212.42,213.92,207.53,209.09,1220882,WYNN
2014-08-06,204.97,205.55,198.95,200.54,3620445,WYNN
2014-08-07,199.71,202.56,194.26,195.18,3479159,WYNN
2014-08-08,195.66,201.59,194.45,200.72,2409247,WYNN
2014-08-11,201.02,202.85,197.8,200.24,1196176,WYNN
2014-08-12,200.43,201.99,197.54,200.2,1145104,WYNN
2014-08-13,201.33,204.73,201.0,201.34,1210082,WYNN
2014-08-14,202.07,203.5,200.6,202.23,833089,WYNN
2014-08-15,202.99,203.68,198.8,201.33,1015635,WYNN
2014-08-18,202.66,203.5,200.35,202.9,840533,WYNN
2014-08-19,203.73,205.48,202.19,203.36,859743,WYNN
2014-08-20,204.65,204.65,201.73,202.53,688272,WYNN
2014-08-21,202.77,202.88,200.5,200.51,729333,WYNN
2014-08-22,198.53,200.34,198.35,200.12,1057430,WYNN
2014-08-25,201.02,201.31,198.36,200.46,1259044,WYNN
2014-08-26,199.19,200.0,197.13,199.28,1385325,WYNN
2014-08-27,199.15,199.37,195.28,196.2,1752500,WYNN
2014-08-28,195.45,197.6,193.07,196.79,1561624,WYNN
2014-08-29,197.32,197.32,191.89,192.88,2038392,WYNN
2014-09-02,189.1,189.96,180.63,185.05,4725626,WYNN
2014-09-03,185.12,187.88,183.92,185.24,1898232,WYNN
2014-09-04,185.5,186.85,183.98,184.76,1876953,WYNN
2014-09-05,184.48,185.96,182.32,185.66,1972193,WYNN
2014-09-08,186.33,186.33,183.11,184.71,1516890,WYNN
2014-09-09,184.7,186.57,183.2,184.26,1235315,WYNN
2014-09-10,182.58,183.12,180.75,182.28,2084014,WYNN
2014-09-11,181.11,186.9,181.09,186.1,1781982,WYNN
2014-09-12,186.2,186.52,182.0,182.53,1523120,WYNN
2014-09-15,182.1,182.66,179.36,180.72,1629075,WYNN
2014-09-16,175.44,181.03,172.52,179.87,3834978,WYNN
2014-09-17,177.5,184.22,177.17,183.1,2268755,WYNN
2014-09-18,184.65,190.45,184.56,187.83,3375861,WYNN
2014-09-19,189.52,189.52,183.73,185.28,1893072,WYNN
2014-09-22,181.87,184.31,179.07,181.28,2547157,WYNN
2014-09-23,180.28,183.82,180.01,182.83,2353652,WYNN
2014-09-24,182.7,186.29,181.87,185.95,1584523,WYNN
2014-09-25,184.03,184.6,180.52,181.96,1960723,WYNN
2014-09-26,184.19,187.49,184.0,184.5,1819139,WYNN
2014-09-29,182.48,183.13,178.25,178.99,2569961,WYNN
2014-09-30,179.31,189.11,175.77,187.08,4828238,WYNN
2014-10-01,185.0,185.11,180.38,182.3,2105488,WYNN
2014-10-02,183.0,185.37,178.0,181.76,1893502,WYNN
2014-10-03,182.92,185.11,180.56,182.28,1236158,WYNN
2014-10-06,187.59,187.98,183.59,183.79,1557657,WYNN
2014-10-07,179.94,183.64,179.19,180.28,1493666,WYNN
2014-10-08,180.73,183.75,178.5,183.29,1114113,WYNN
2014-10-09,183.61,184.44,177.77,178.07,1386929,WYNN
2014-10-10,177.77,181.5,176.55,176.71,1547036,WYNN
2014-10-13,176.33,177.73,170.05,173.44,3040667,WYNN
2014-10-14,171.37,177.72,171.12,173.84,1936980,WYNN
2014-10-15,171.33,175.62,168.8,174.31,2326931,WYNN
2014-10-16,173.31,184.58,173.03,182.07,3044257,WYNN
2014-10-17,185.61,187.6,181.05,182.45,2219836,WYNN
2014-10-20,182.89,183.52,179.6,181.66,1884815,WYNN
2014-10-21,182.94,185.62,182.07,184.59,1780716,WYNN
2014-10-22,185.09,186.0,181.7,182.42,1332588,WYNN
2014-10-23,183.98,185.9,183.1,183.49,1607399,WYNN
2014-10-24,183.88,185.55,182.17,184.72,1265442,WYNN
2014-10-27,183.68,185.69,182.89,183.67,2004985,WYNN
2014-10-28,182.93,185.65,181.5,185.25,1669819,WYNN
2014-10-29,190.95,192.45,184.52,185.93,2566337,WYNN
2014-10-30,184.17,188.8,184.06,187.65,1176103,WYNN
2014-10-31,190.98,190.98,188.52,190.01,1527796,WYNN
2014-11-03,189.96,191.73,188.45,189.51,1225660,WYNN
2014-11-04,186.9,187.0,182.21,185.26,2087993,WYNN
2014-11-05,182.0,182.99,177.1,179.74,2938211,WYNN
2014-11-06,179.98,179.99,176.52,178.71,3081684,WYNN
2014-11-07,177.59,178.78,176.28,177.18,1489630,WYNN
2014-11-10,177.69,180.11,176.42,177.89,1034036,WYNN
2014-11-11,178.67,180.81,177.03,180.35,1304067,WYNN
2014-11-12,179.47,180.68,179.15,180.29,2113521,WYNN
2014-11-13,181.0,183.59,180.75,182.63,1294371,WYNN
2014-11-14,182.89,184.83,181.88,183.99,1279682,WYNN
2014-11-17,182.83,182.99,180.97,182.63,815606,WYNN
2014-11-18,181.1,183.12,179.33,182.08,1445341,WYNN
2014-11-19,182.07,182.51,179.54,180.02,876839,WYNN
2014-11-20,179.71,181.69,174.9,177.85,2655717,WYNN
2014-11-21,182.0,182.45,179.07,179.64,2017251,WYNN
2014-11-24,180.42,180.83,178.22,180.22,1155464,WYNN
2014-11-25,181.13,182.15,177.11,178.01,1670515,WYNN
2014-11-26,178.32,178.62,176.5,177.06,833423,WYNN
2014-11-28,178.06,179.01,175.89,178.61,578749,WYNN
2014-12-01,177.03,177.12,174.05,174.5,1498720,WYNN
2014-12-02,174.32,175.6,173.4,174.25,1167121,WYNN
2014-12-03,170.57,172.21,168.81,169.57,2206478,WYNN
2014-12-04,168.85,168.86,161.35,162.92,3673851,WYNN
2014-12-05,163.15,165.02,162.01,163.9,1531474,WYNN
2014-12-08,161.0,162.97,157.32,157.59,2400856,WYNN
2014-12-09,155.54,156.97,155.11,156.63,1610673,WYNN
2014-12-10,156.83,156.83,145.1,146.75,4661598,WYNN
2014-12-11,147.9,151.43,146.65,148.88,2676661,WYNN
2014-12-12,147.1,149.89,146.42,147.48,1491876,WYNN
2014-12-15,148.77,149.87,144.85,145.16,1437791,WYNN
2014-12-16,143.75,144.49,140.31,140.52,2127890,WYNN
2014-12-17,137.82,139.24,133.58,138.97,4298558,WYNN
2014-12-18,142.05,145.23,142.05,145.1,2870142,WYNN
2014-12-19,144.9,151.95,144.9,150.11,3293472,WYNN
2014-12-22,150.39,151.47,146.27,147.48,1768390,WYNN
2014-12-23,148.07,153.34,147.96,151.69,1668952,WYNN
2014-12-24,152.09,153.3,150.03,150.9,494148,WYNN
2014-12-26,151.11,152.38,149.7,150.37,998923,WYNN
2014-12-29,150.0,154.76,149.41,153.0,1510355,WYNN
2014-12-30,152.78,153.78,150.1,151.2,1262561,WYNN
2014-12-31,151.37,152.3,148.2,148.76,1635052,WYNN
2015-01-02,148.59,149.23,142.15,146.89,2228883,WYNN
2015-01-05,145.72,146.17,141.84,144.39,1704950,WYNN
2015-01-06,143.5,144.34,139.26,141.31,1985276,WYNN
2015-01-07,144.22,147.21,143.25,145.46,1471957,WYNN
2015-01-08,147.06,149.03,146.39,147.21,1684100,WYNN
2015-01-09,150.05,151.62,148.7,149.05,2210126,WYNN
2015-01-12,149.03,149.5,146.76,148.46,1250395,WYNN
2015-01-13,150.22,153.53,148.11,149.81,1627717,WYNN
2015-01-14,147.75,149.33,145.41,148.6,1378827,WYNN
2015-01-15,149.4,151.0,147.24,147.65,1063990,WYNN
2015-01-16,145.31,147.87,144.38,146.99,957771,WYNN
2015-01-20,146.97,146.99,138.11,142.03,2526843,WYNN
2015-01-21,138.93,143.92,138.93,142.89,1606177,WYNN
2015-01-22,144.13,147.65,143.74,147.23,1409401,WYNN
2015-01-23,146.54,147.47,144.82,146.01,964737,WYNN
2015-01-26,146.84,156.71,146.84,155.83,2587136,WYNN
2015-01-27,155.8,157.75,153.1,155.04,1739645,WYNN
2015-01-28,156.45,156.75,152.78,153.48,1740603,WYNN
2015-01-29,154.19,157.23,149.59,152.97,1418508,WYNN
2015-01-30,150.89,151.33,147.66,147.95,1738138,WYNN
2015-02-02,148.22,149.79,145.44,149.74,1211324,WYNN
2015-02-03,149.64,156.94,148.1,155.8,2386827,WYNN
2015-02-04,151.51,154.9,144.19,146.11,4808666,WYNN
2015-02-05,146.51,148.2,144.45,146.64,1759960,WYNN
2015-02-06,148.79,148.89,145.59,146.24,1464513,WYNN
2015-02-09,145.73,149.58,145.51,148.45,1295688,WYNN
2015-02-10,151.23,156.38,150.78,154.65,2354842,WYNN
2015-02-11,153.31,153.51,150.5,151.24,1126583,WYNN
2015-02-12,151.87,154.99,150.64,154.72,2591630,WYNN
2015-02-13,155.48,160.41,154.73,159.34,2153924,WYNN
2015-02-17,158.71,159.21,154.82,157.0,1810898,WYNN
2015-02-18,157.89,160.05,156.92,158.52,1282818,WYNN
2015-02-19,158.73,159.73,157.4,158.57,883799,WYNN
2015-02-20,158.26,158.49,156.25,158.47,920999,WYNN
2015-02-23,155.19,156.42,152.9,154.33,2322159,WYNN
2015-02-24,150.23,150.27,146.85,147.0,2772015,WYNN
2015-02-25,145.48,145.48,140.96,143.05,3620570,WYNN
2015-02-26,143.04,145.77,142.27,142.77,1856027,WYNN
2015-02-27,143.34,144.13,141.59,142.5,1120545,WYNN
2015-03-02,142.5,145.4,142.31,142.43,1431733,WYNN
2015-03-03,142.09,144.76,139.61,140.07,2146543,WYNN
2015-03-04,138.69,139.0,135.45,138.82,2854038,WYNN
2015-03-05,138.26,139.25,136.76,139.0,2106061,WYNN
2015-03-06,137.63,138.07,136.03,137.0,2851622,WYNN
2015-03-09,135.5,136.18,131.63,132.84,5406859,WYNN
2015-03-10,130.96,132.46,129.48,129.51,3689615,WYNN
2015-03-11,129.48,129.81,126.17,126.62,3130658,WYNN
2015-03-12,127.92,129.63,125.12,126.32,2443589,WYNN
2015-03-13,125.39,128.14,124.41,127.07,2613215,WYNN
2015-03-16,125.09,127.46,122.5,125.64,4333196,WYNN
2015-03-17,126.0,127.95,124.41,124.58,2490249,WYNN
2015-03-18,123.64,124.14,121.53,122.92,4751644,WYNN
2015-03-19,125.01,130.4,124.48,130.11,3584025,WYNN
2015-03-20,131.78,133.25,129.73,129.98,2420936,WYNN
2015-03-23,129.67,136.36,127.61,132.04,3274751,WYNN
2015-03-24,132.12,132.26,128.94,129.5,2202668,WYNN
2015-03-25,130.01,130.04,127.56,129.22,1573793,WYNN
2015-03-26,127.89,128.53,126.25,126.86,1909030,WYNN
2015-03-27,127.0,127.04,125.83,126.25,976515,WYNN
2015-03-30,126.71,128.16,125.67,127.46,1160384,WYNN
2015-03-31,126.62,129.84,125.8,125.88,1362142,WYNN
2015-04-01,126.11,127.05,123.69,125.53,1711475,WYNN
2015-04-02,125.72,129.56,125.0,129.4,1346205,WYNN
2015-04-06,127.94,132.04,127.42,130.72,2053747,WYNN
2015-04-07,130.73,131.58,127.88,127.88,1612389,WYNN
2015-04-08,129.85,131.56,127.84,129.28,1666614,WYNN
2015-04-09,132.37,136.93,132.05,136.63,2568960,WYNN
2015-04-10,136.2,136.35,133.34,136.02,1774363,WYNN
2015-04-13,135.0,135.49,133.34,133.6,1983725,WYNN
2015-04-14,130.59,131.28,126.69,127.53,3139584,WYNN
2015-04-15,126.99,130.26,125.6,130.02,2204437,WYNN
2015-04-16,130.06,130.87,127.2,127.35,1337095,WYNN
2015-04-17,126.1,128.19,124.51,125.5,1533479,WYNN
2015-04-20,126.82,130.14,126.53,128.95,1645188,WYNN
2015-04-21,129.49,129.55,126.4,126.77,1419086,WYNN
2015-04-22,127.43,129.93,125.71,129.06,1585966,WYNN
2015-04-23,126.92,129.55,126.15,128.08,1353527,WYNN
2015-04-24,129.39,131.3,128.9,130.09,1219496,WYNN
2015-04-27,130.55,131.01,128.55,128.83,1355730,WYNN
2015-04-28,128.54,132.0,127.62,130.48,3966496,WYNN
2015-04-29,116.2,117.05,108.27,108.77,15694170,WYNN
2015-04-30,108.59,111.76,108.32,111.07,5447364,WYNN
2015-05-01,111.64,113.31,110.0,112.71,2457868,WYNN
2015-05-04,113.28,118.93,113.15,117.18,4627030,WYNN
2015-05-05,116.82,117.9,115.33,116.44,2304539,WYNN
2015-05-06,116.27,116.82,113.17,113.69,2542295,WYNN
2015-05-07,113.41,115.8,113.19,113.95,1598937,WYNN
2015-05-08,115.02,118.0,114.8,117.84,2746487,WYNN
2015-05-11,117.75,117.79,114.0,114.08,2324358,WYNN
2015-05-12,113.63,113.98,112.08,112.18,1575124,WYNN
2015-05-13,112.39,112.84,110.76,110.97,1417699,WYNN
2015-05-14,111.52,111.57,108.55,108.79,2043710,WYNN
2015-05-15,107.98,109.23,106.02,106.79,2770247,WYNN
2015-05-18,106.29,107.22,105.21,106.86,2181501,WYNN
2015-05-19,106.8,107.05,105.44,106.34,2090649,WYNN
2015-05-20,106.81,109.2,106.34,107.69,2225299,WYNN
2015-05-21,107.51,109.69,107.51,108.1,1804579,WYNN
2015-05-22,108.36,108.81,106.47,106.54,1414648,WYNN
2015-05-26,106.05,106.29,103.75,104.12,2635082,WYNN
2015-05-27,104.57,104.59,102.92,103.56,1905276,WYNN
2015-05-28,102.94,103.76,102.4,102.99,2378451,WYNN
2015-05-29,102.75,102.99,100.45,100.69,3005240,WYNN
2015-06-01,101.03,101.03,97.89,98.29,3830552,WYNN
2015-06-02,98.3,101.35,98.05,100.06,2309176,WYNN
2015-06-03,100.67,102.8,100.27,102.05,2582223,WYNN
2015-06-04,105.63,109.95,105.5,109.44,5914091,WYNN
2015-06-05,109.36,109.62,107.37,109.14,2433346,WYNN
2015-06-08,105.97,106.26,102.35,102.4,4158318,WYNN
2015-06-09,102.2,103.25,101.48,102.28,2060133,WYNN
2015-06-10,102.54,103.93,101.53,103.22,1997695,WYNN
2015-06-11,103.48,104.58,102.31,104.45,1375129,WYNN
2015-06-12,103.81,104.24,102.3,102.79,1490620,WYNN
2015-06-15,101.83,103.7,101.79,102.79,1287963,WYNN
2015-06-16,102.15,103.84,101.63,102.82,1824309,WYNN
2015-06-17,103.39,104.58,102.45,104.26,1302207,WYNN
2015-06-18,104.44,106.86,104.44,105.26,1514005,WYNN
2015-06-19,105.39,105.47,102.82,103.11,2849380,WYNN
2015-06-22,103.5,103.87,100.53,100.95,1688215,WYNN
2015-06-23,100.34,100.74,97.76,100.26,3518930,WYNN
2015-06-24,99.91,100.24,97.97,98.21,2292528,WYNN
2015-06-25,98.73,99.0,97.81,97.99,1540701,WYNN
2015-06-26,97.78,97.93,96.29,96.5,2347455,WYNN
2015-06-29,93.78,95.99,93.59,93.93,3082703,WYNN
2015-06-30,95.9,100.24,95.36,98.67,4439975,WYNN
2015-07-01,102.89,107.27,102.45,103.07,4545002,WYNN
2015-07-02,104.14,105.0,102.43,103.54,3017652,WYNN
2015-07-06,102.23,104.97,102.09,103.88,2235391,WYNN
2015-07-07,104.35,112.0,103.22,111.35,4679326,WYNN
2015-07-08,108.62,109.5,103.81,104.14,3677907,WYNN
2015-07-09,106.26,109.05,104.81,105.2,2686035,WYNN
2015-07-10,106.78,106.98,103.52,103.9,2412820,WYNN
2015-07-13,108.81,110.31,107.28,107.89,3514049,WYNN
2015-07-14,107.6,108.74,106.57,107.26,1850505,WYNN
2015-07-15,107.13,107.13,102.45,103.42,2095069,WYNN
2015-07-16,104.42,104.88,102.76,103.8,1162057,WYNN
2015-07-17,103.8,103.88,101.53,101.71,1522842,WYNN
2015-07-20,101.16,102.0,99.85,100.02,1711139,WYNN
2015-07-21,100.09,102.09,99.85,101.42,1287381,WYNN
2015-07-22,100.92,101.88,99.7,101.25,1727321,WYNN
2015-07-23,104.2,105.65,103.01,104.3,2655704,WYNN
2015-07-24,104.84,104.84,101.45,102.43,1640976,WYNN
2015-07-27,100.03,101.26,98.1,99.23,2229327,WYNN
2015-07-28,98.89,99.99,97.38,98.01,2623573,WYNN
2015-07-29,98.17,99.8,95.87,96.03,4079631,WYNN
2015-07-30,99.24,104.7,99.01,104.12,5069320,WYNN
2015-07-31,103.92,105.43,101.81,103.23,2847288,WYNN
2015-08-03,103.1,103.72,100.0,100.8,2355367,WYNN
2015-08-04,101.1,102.3,99.33,100.3,1819001,WYNN
2015-08-05,101.01,103.71,100.8,101.27,1777591,WYNN
2015-08-06,100.72,102.61,99.99,100.7,1818453,WYNN
2015-08-07,100.43,103.78,100.42,103.14,1967874,WYNN
2015-08-10,104.87,104.99,102.7,104.0,2365316,WYNN
2015-08-11,102.0,102.13,98.61,99.53,2669044,WYNN
2015-08-12,97.22,97.84,94.13,97.45,2761374,WYNN
2015-08-13,97.58,98.23,94.59,94.62,2229707,WYNN
2015-08-14,94.65,95.46,92.04,92.17,2178610,WYNN
2015-08-17,92.0,93.48,90.91,91.91,2469383,WYNN
2015-08-18,91.64,92.0,90.38,90.9,1791111,WYNN
2015-08-19,90.36,91.14,89.18,90.25,2241812,WYNN
2015-08-20,89.0,90.0,85.5,85.58,2527972,WYNN
2015-08-21,83.6,84.73,81.33,81.77,3781342,WYNN
2015-08-24,75.0,78.15,72.75,76.48,5951106,WYNN
2015-08-25,79.31,79.61,75.6,75.71,3426813,WYNN
2015-08-26,77.61,77.66,71.25,74.29,4652131,WYNN
2015-08-27,76.15,78.98,75.68,78.52,3393967,WYNN
2015-08-28,77.68,79.33,77.04,78.2,2181863,WYNN
2015-08-31,77.23,77.68,74.92,75.05,2859951,WYNN
2015-09-01,72.9,73.64,70.51,70.99,3899635,WYNN
2015-09-02,73.34,73.5,70.88,72.43,4591993,WYNN
2015-09-03,71.89,74.16,71.89,73.82,2888799,WYNN
2015-09-04,72.38,74.55,72.34,73.07,3082109,WYNN
2015-09-08,74.54,76.48,74.32,74.85,3998829,WYNN
2015-09-09,75.97,76.75,73.0,73.04,3618064,WYNN
2015-09-10,71.95,72.05,68.11,69.67,7791596,WYNN
2015-09-11,69.6,70.72,67.24,67.72,4626139,WYNN
2015-09-14,67.5,68.65,66.72,68.47,3022038,WYNN
2015-09-15,67.94,70.45,67.87,70.35,2474229,WYNN
2015-09-16,70.77,75.1,70.55,73.78,3872132,WYNN
2015-09-17,73.33,73.49,70.0,70.27,3829088,WYNN
2015-09-18,69.6,70.05,68.11,68.44,3769763,WYNN
2015-09-21,68.77,68.96,66.32,66.56,2917502,WYNN
2015-09-22,65.0,65.13,63.86,63.93,3754619,WYNN
2015-09-23,63.29,63.3,60.06,60.24,5450005,WYNN
2015-09-24,59.9,61.8,59.75,59.83,5286161,WYNN
2015-09-25,60.72,60.76,58.13,58.23,4926067,WYNN
2015-09-28,57.93,57.95,54.37,54.42,4699450,WYNN
2015-09-29,53.46,55.09,52.26,53.22,6216743,WYNN
2015-09-30,54.44,54.48,52.5,53.12,4262461,WYNN
2015-10-01,53.43,53.84,50.96,51.71,4741711,WYNN
2015-10-02,55.27,63.76,54.75,63.52,15125004,WYNN
2015-10-05,63.8,67.25,60.55,64.89,12680706,WYNN
2015-10-06,64.58,68.32,64.52,67.85,8437097,WYNN
2015-10-07,69.03,73.48,68.99,71.99,10448478,WYNN
2015-10-08,71.51,76.48,70.8,75.91,7803599,WYNN
2015-10-09,75.0,76.25,73.2,75.4,6899844,WYNN
2015-10-12,74.7,76.32,70.84,71.2,6171213,WYNN
2015-10-13,70.9,72.76,69.65,70.32,5300604,WYNN
2015-10-14,70.67,72.85,70.54,72.37,3860679,WYNN
2015-10-15,75.65,77.25,70.93,73.76,7551617,WYNN
2015-10-16,66.55,75.3,66.35,72.9,16031962,WYNN
2015-10-19,70.91,71.0,67.16,68.25,7438519,WYNN
2015-10-20,68.8,69.89,66.25,66.92,4016106,WYNN
2015-10-21,67.14,67.29,64.33,64.47,5105312,WYNN
2015-10-22,65.57,66.2,61.27,63.18,6333120,WYNN
2015-10-23,63.97,68.07,63.72,67.6,4372488,WYNN
2015-10-26,67.42,67.88,65.46,66.41,2211623,WYNN
2015-10-27,66.17,67.56,64.12,64.56,2642904,WYNN
2015-10-28,64.27,67.43,63.3,67.3,3752880,WYNN
2015-10-29,68.99,71.33,68.16,69.9,4526483,WYNN
2015-10-30,69.26,70.63,68.51,69.95,2949258,WYNN
2015-11-02,71.65,73.67,70.64,72.19,4265562,WYNN
2015-11-03,71.78,75.48,70.95,74.26,4616577,WYNN
2015-11-04,74.88,75.69,71.5,72.87,4284610,WYNN
2015-11-05,72.95,74.82,72.26,72.98,2257336,WYNN
2015-11-06,73.51,74.19,72.58,73.99,2118450,WYNN
2015-11-09,71.11,71.4,66.51,68.15,7491701,WYNN
2015-11-10,67.29,68.46,65.19,67.25,3812761,WYNN
2015-11-11,67.68,68.0,64.61,65.8,3669211,WYNN
2015-11-12,65.37,68.0,64.17,64.7,2965556,WYNN
2015-11-13,63.95,64.81,62.05,62.2,3922814,WYNN
2015-11-16,62.13,63.88,60.65,63.49,3017646,WYNN
2015-11-17,64.28,64.45,61.15,61.56,2930630,WYNN
2015-11-18,61.47,62.3,57.66,61.31,5594654,WYNN
2015-11-19,61.2,62.65,60.53,61.78,2672452,WYNN
2015-11-20,59.64,61.89,59.09,59.56,3769888,WYNN
2015-11-23,59.5,61.47,59.5,60.23,2427420,WYNN
2015-11-24,59.64,64.0,59.64,62.95,5621280,WYNN
2015-11-25,63.42,63.43,61.64,62.25,2358508,WYNN
2015-11-27,61.55,61.92,59.28,61.05,2286120,WYNN
2015-11-30,61.45,62.92,60.83,62.77,2854864,WYNN
2015-12-01,63.79,67.29,63.5,66.81,6371835,WYNN
2015-12-02,66.26,71.58,66.03,68.5,6903813,WYNN
2015-12-03,68.45,68.82,63.69,65.08,3747616,WYNN
2015-12-04,65.07,66.24,62.94,64.6,4240980,WYNN
2015-12-07,64.1,65.15,63.12,64.6,3427141,WYNN
2015-12-08,62.8,63.63,60.44,61.8,4571568,WYNN
2015-12-09,71.23,73.0,65.66,69.91,12687579,WYNN
2015-12-10,70.0,70.08,66.31,66.46,4749527,WYNN
2015-12-11,65.55,66.33,62.07,63.13,5519953,WYNN
2015-12-14,63.3,64.8,61.88,62.77,2906744,WYNN
2015-12-15,63.74,67.2,63.39,66.04,4010571,WYNN
2015-12-16,67.17,69.2,65.84,68.99,4192434,WYNN
2015-12-17,69.1,69.19,64.2,64.27,3748736,WYNN
2015-12-18,64.11,65.44,63.26,63.4,7710479,WYNN
2015-12-21,63.51,66.09,62.8,65.76,2991272,WYNN
2015-12-22,65.92,68.49,65.01,67.65,3563726,WYNN
2015-12-23,68.15,69.75,67.9,68.95,2444170,WYNN
2015-12-24,68.65,69.56,67.81,69.17,1340124,WYNN
2015-12-28,69.0,69.08,66.49,68.34,1870259,WYNN
2015-12-29,69.05,71.27,68.95,70.12,2614833,WYNN
2015-12-30,69.57,70.71,68.38,68.64,1909530,WYNN
2015-12-31,68.61,69.89,68.07,69.19,1645144,WYNN
2016-01-04,67.03,69.27,64.64,68.77,4247849,WYNN
2016-01-05,69.24,72.64,67.65,70.07,4286074,WYNN
2016-01-06,67.73,68.88,65.36,66.44,3316082,WYNN
2016-01-07,63.94,64.01,59.8,60.19,5525585,WYNN
2016-01-08,61.51,63.09,57.55,57.74,5739956,WYNN
2016-01-11,59.01,59.99,56.01,56.79,4612373,WYNN
2016-01-12,58.45,58.62,54.93,55.62,3806449,WYNN
2016-01-13,56.16,56.89,51.63,52.47,5396169,WYNN
2016-01-14,52.76,52.99,49.95,51.5,4973997,WYNN
2016-01-15,53.16,59.12,52.05,58.37,10514889,WYNN
2016-01-19,59.85,61.12,57.31,59.13,5834888,WYNN
2016-01-20,57.51,57.7,52.52,56.33,6211299,WYNN
2016-01-21,56.42,57.47,54.33,56.68,4074230,WYNN
2016-01-22,59.0,60.79,57.96,59.17,3585076,WYNN
2016-01-25,60.98,63.75,60.17,61.0,5648803,WYNN
2016-01-26,61.64,63.74,59.66,63.41,3025246,WYNN
2016-01-27,62.69,65.0,61.25,62.23,3105614,WYNN
2016-01-28,64.67,66.41,62.29,63.15,3657055,WYNN
2016-01-29,63.71,67.36,63.55,67.34,3129087,WYNN
2016-02-01,66.51,67.68,63.55,67.1,3948639,WYNN
2016-02-02,65.54,65.95,61.26,62.0,5426042,WYNN
2016-02-03,62.47,63.91,59.58,63.17,4239509,WYNN
2016-02-04,62.49,65.5,61.31,63.78,3666934,WYNN
2016-02-05,63.31,64.34,61.5,61.91,2457678,WYNN
2016-02-08,61.08,61.46,57.05,58.8,3843688,WYNN
2016-02-09,57.47,60.76,56.58,58.45,2595221,WYNN
2016-02-10,59.01,60.2,57.61,58.14,2744562,WYNN
2016-02-11,58.46,61.66,56.51,59.69,5211058,WYNN
2016-02-12,62.75,69.28,62.3,69.14,10708072,WYNN
2016-02-16,70.84,76.0,69.85,74.65,9034877,WYNN
2016-02-17,75.31,78.27,73.66,76.21,6932911,WYNN
2016-02-18,75.65,79.75,73.55,78.45,6308661,WYNN
2016-02-19,76.37,77.69,75.65,77.18,4205632,WYNN
2016-02-22,79.18,81.32,78.62,79.53,4855649,WYNN
2016-02-23,79.71,80.77,78.23,79.65,4275340,WYNN
2016-02-24,78.44,80.03,75.57,79.67,4623701,WYNN
2016-02-25,78.92,80.8,77.8,80.63,2669909,WYNN
2016-02-26,81.39,83.6,81.18,82.17,2961348,WYNN
2016-02-29,82.17,83.12,81.61,82.48,2440025,WYNN
2016-03-01,84.45,86.24,84.17,84.51,5687543,WYNN
2016-03-02,85.08,85.36,83.3,85.0,5403753,WYNN
2016-03-03,84.15,88.87,83.58,88.35,5496728,WYNN
2016-03-04,88.37,88.39,84.32,85.44,6037479,WYNN
2016-03-07,83.5,85.8,82.08,83.99,5192411,WYNN
2016-03-08,83.2,83.85,80.12,80.27,3571973,WYNN
2016-03-09,81.42,82.44,79.77,81.56,2372943,WYNN
2016-03-10,82.74,84.77,81.3,84.06,3257549,WYNN
2016-03-11,83.54,87.21,83.2,86.06,3900193,WYNN
2016-03-14,86.16,87.17,84.66,85.22,2555166,WYNN
2016-03-15,86.07,86.49,81.95,83.25,3402115,WYNN
2016-03-16,82.89,86.6,82.7,86.3,2377933,WYNN
2016-03-17,86.7,89.28,86.6,88.8,3257809,WYNN
2016-03-18,91.68,96.56,91.36,94.02,7018257,WYNN
2016-03-21,93.08,93.3,90.06,92.74,2732917,WYNN
2016-03-22,94.33,96.6,93.68,95.0,3998103,WYNN
2016-03-23,94.75,94.77,91.5,91.76,2248530,WYNN
2016-03-24,90.5,93.68,89.55,93.47,3295126,WYNN
2016-03-28,93.53,93.89,89.61,92.83,3302815,WYNN
2016-03-29,94.72,95.43,92.15,94.14,3409193,WYNN
2016-03-30,95.65,95.99,91.74,93.99,3212810,WYNN
2016-03-31,94.08,94.62,92.01,93.43,2971140,WYNN
2016-04-01,91.84,95.25,90.34,94.74,4539707,WYNN
2016-04-04,94.56,96.22,93.17,93.4,2751710,WYNN
2016-04-05,91.62,93.3,90.4,90.92,4275427,WYNN
2016-04-06,91.7,91.82,85.72,89.55,7407584,WYNN
2016-04-07,95.04,100.84,94.77,99.99,12624542,WYNN
2016-04-08,100.62,102.44,97.4,98.78,6248855,WYNN
2016-04-11,99.63,101.45,98.3,98.31,3801900,WYNN
2016-04-12,97.76,98.22,95.52,97.19,3436965,WYNN
2016-04-13,96.37,98.2,95.73,97.68,2949031,WYNN
2016-04-14,101.0,101.16,96.6,97.67,3926978,WYNN
2016-04-15,97.42,98.66,96.81,97.67,1859065,WYNN
2016-04-18,97.09,97.38,95.9,96.48,2527456,WYNN
2016-04-19,96.71,100.4,96.71,99.99,3432106,WYNN
2016-04-20,99.27,100.98,98.5,99.39,2363781,WYNN
2016-04-21,96.79,97.18,94.36,95.79,5208127,WYNN
2016-04-22,95.53,96.77,94.38,96.0,2474055,WYNN
2016-04-25,95.83,95.83,89.94,90.94,4896233,WYNN
2016-04-26,90.94,92.28,89.26,89.66,3664275,WYNN
2016-04-27,89.39,91.09,88.88,89.17,2506974,WYNN
2016-04-28,88.36,92.37,88.29,89.22,2959042,WYNN
2016-04-29,88.02,90.78,87.77,88.3,3211079,WYNN
2016-05-02,91.3,94.49,90.77,94.28,4259275,WYNN
2016-05-03,92.99,95.73,91.58,94.45,3667587,WYNN
2016-05-04,92.38,93.47,90.12,91.23,3303809,WYNN
2016-05-05,91.07,91.56,88.98,89.62,3876005,WYNN
2016-05-06,91.61,92.86,88.58,91.21,3668948,WYNN
2016-05-09,91.55,92.16,89.06,89.62,2688452,WYNN
2016-05-10,89.84,94.09,89.72,94.03,3088516,WYNN
2016-05-11,93.99,94.24,92.06,92.96,2082909,WYNN
2016-05-12,93.69,94.39,91.51,93.42,1873640,WYNN
2016-05-13,92.53,93.29,89.73,89.95,2332906,WYNN
2016-05-16,89.84,91.84,89.55,90.88,1520266,WYNN
2016-05-17,90.88,93.6,90.29,91.23,1974331,WYNN
2016-05-18,90.41,91.64,88.09,88.45,2689795,WYNN
2016-05-19,87.7,89.32,87.16,88.45,2504929,WYNN
2016-05-20,88.93,90.26,88.6,88.96,1744156,WYNN
2016-05-23,89.3,91.98,89.0,91.48,2111035,WYNN
2016-05-24,92.38,93.59,91.7,93.22,1619809,WYNN
2016-05-25,93.87,97.19,93.8,96.65,3116758,WYNN
2016-05-26,97.45,97.45,93.81,94.62,1974703,WYNN
2016-05-27,94.55,96.8,94.09,95.96,1596735,WYNN
2016-05-31,96.4,97.7,95.7,96.18,2139066,WYNN
2016-06-01,94.01,97.01,93.08,96.73,2100508,WYNN
2016-06-02,96.84,99.87,96.01,99.41,2985406,WYNN
2016-06-03,98.92,98.94,96.06,98.5,2769190,WYNN
2016-06-06,96.99,99.4,96.25,98.69,2323231,WYNN
2016-06-07,98.38,101.98,98.13,101.11,3214419,WYNN
2016-06-08,102.0,103.36,100.05,101.32,2593069,WYNN
2016-06-09,100.49,101.4,99.62,100.79,1238618,WYNN
2016-06-10,99.94,101.03,98.45,100.45,2468959,WYNN
2016-06-13,99.63,102.75,99.55,100.15,1952770,WYNN
2016-06-14,99.36,101.72,98.27,101.54,2412528,WYNN
2016-06-15,101.66,104.1,100.87,101.6,2211686,WYNN
2016-06-16,100.68,101.59,99.18,101.2,2074276,WYNN
2016-06-17,102.31,103.75,101.6,103.19,2191485,WYNN
2016-06-20,104.02,105.69,100.14,100.29,2839701,WYNN
2016-06-21,100.52,102.05,99.53,101.81,1992166,WYNN
2016-06-22,102.35,102.88,100.64,100.72,1747745,WYNN
2016-06-23,102.0,102.9,101.14,101.7,1569044,WYNN
2016-06-24,97.87,99.65,91.95,92.29,4896946,WYNN
2016-06-27,90.75,90.75,86.34,87.69,5478880,WYNN
2016-06-28,90.2,90.48,87.4,88.28,3780314,WYNN
2016-06-29,90.0,92.04,88.9,91.28,2613405,WYNN
2016-06-30,91.44,92.0,89.15,90.64,2580703,WYNN
2016-07-01,90.8,93.95,90.64,91.79,2821780,WYNN
2016-07-05,91.25,91.25,88.12,89.1,2405054,WYNN
2016-07-06,88.56,90.07,87.26,89.93,2133682,WYNN
2016-07-07,90.07,90.97,88.18,88.96,1999521,WYNN
2016-07-08,89.79,90.74,89.2,89.75,2006423,WYNN
2016-07-11,91.3,96.06,91.28,94.1,4057074,WYNN
2016-07-12,95.87,96.57,94.51,96.5,2634623,WYNN
2016-07-13,96.48,96.48,93.97,94.88,2037573,WYNN
2016-07-14,93.78,94.75,90.78,92.02,3453331,WYNN
2016-07-15,92.56,93.8,92.14,92.22,1770717,WYNN
2016-07-18,92.36,96.93,92.13,96.66,3102039,WYNN
2016-07-19,96.0,96.2,94.53,95.17,1799081,WYNN
2016-07-20,94.29,94.96,93.19,94.18,2077012,WYNN
2016-07-21,94.08,95.35,93.43,93.89,1793782,WYNN
2016-07-22,94.5,95.91,93.49,95.77,1510190,WYNN
2016-07-25,97.25,99.0,96.26,97.41,2883057,WYNN
2016-07-26,100.01,103.86,99.9,103.47,4013769,WYNN
2016-07-27,103.25,103.77,100.2,102.24,2388006,WYNN
2016-07-28,102.52,104.91,101.0,104.66,3848444,WYNN
2016-07-29,96.14,103.0,96.01,97.95,8143597,WYNN
2016-08-01,97.95,99.5,94.82,97.93,3437804,WYNN
2016-08-02,97.56,97.85,96.05,96.92,1947594,WYNN
2016-08-03,96.03,98.11,95.5,97.66,1497553,WYNN
2016-08-04,98.02,98.83,96.33,98.25,2043456,WYNN
2016-08-05,98.93,99.31,97.35,97.51,1808059,WYNN
2016-08-08,97.66,100.27,97.57,100.05,1973046,WYNN
2016-08-09,99.96,101.2,99.06,100.19,1674745,WYNN
2016-08-10,100.4,100.78,98.81,99.59,1296174,WYNN
2016-08-11,100.2,103.78,100.01,102.66,3366471,WYNN
2016-08-12,99.5,100.88,99.23,99.75,3005389,WYNN
2016-08-15,100.98,104.44,100.16,103.74,3662493,WYNN
2016-08-16,104.06,104.06,100.62,101.42,3013626,WYNN
2016-08-17,101.88,102.1,100.87,101.33,2033262,WYNN
2016-08-18,100.95,101.38,98.25,99.68,3053881,WYNN
2016-08-19,98.79,99.0,95.94,97.38,3887688,WYNN
2016-08-22,97.69,97.7,96.12,97.1,2698792,WYNN
2016-08-23,98.02,98.9,96.25,96.39,2775933,WYNN
2016-08-24,96.01,96.48,90.35,90.81,6068494,WYNN
2016-08-25,91.62,92.46,90.06,90.51,2758296,WYNN
2016-08-26,90.69,91.3,88.87,89.85,3116401,WYNN
2016-08-29,89.35,91.8,89.3,90.72,2150993,WYNN
2016-08-30,90.86,91.81,89.64,90.15,2159719,WYNN
2016-08-31,89.27,90.95,88.5,89.32,2147174,WYNN
2016-09-01,93.58,95.26,93.0,93.17,6804992,WYNN
2016-09-02,93.8,94.05,91.11,92.38,3025424,WYNN
2016-09-06,92.96,93.88,91.82,92.79,2029869,WYNN
2016-09-07,93.49,95.24,93.25,94.35,2616950,WYNN
2016-09-08,95.94,96.71,95.02,95.78,2793600,WYNN
2016-09-09,96.37,98.5,95.23,98.41,6349210,WYNN
2016-09-12,97.57,104.07,97.08,104.01,7002796,WYNN
2016-09-13,103.06,104.79,102.2,103.71,4456506,WYNN
2016-09-14,104.5,107.68,103.26,107.25,4912286,WYNN
2016-09-15,106.88,109.5,104.73,108.68,5714621,WYNN
2016-09-16,108.65,109.27,106.72,108.57,3835578,WYNN
2016-09-19,108.28,108.43,103.45,103.96,4273689,WYNN
2016-09-20,103.73,104.82,102.42,103.49,2818628,WYNN
2016-09-21,104.09,105.22,101.51,103.0,4015225,WYNN
2016-09-22,103.51,104.08,101.72,102.29,3839946,WYNN
2016-09-23,101.08,102.55,98.38,102.14,5126297,WYNN
2016-09-26,101.55,101.67,99.66,100.81,2622791,WYNN
2016-09-27,100.14,102.11,99.77,100.74,3779094,WYNN
2016-09-28,101.56,101.75,98.5,101.66,3047427,WYNN
2016-09-29,101.17,103.63,100.0,100.59,2858128,WYNN
2016-09-30,98.14,98.45,94.8,97.42,6737905,WYNN
2016-10-03,100.29,101.25,98.93,99.28,4234930,WYNN
2016-10-04,99.27,99.59,96.16,96.38,3288398,WYNN
2016-10-05,96.32,98.37,95.88,97.94,2699876,WYNN
2016-10-06,97.5,98.6,97.1,97.74,1969182,WYNN
2016-10-07,97.63,97.98,96.14,97.01,2166200,WYNN
2016-10-10,97.19,99.49,97.01,98.67,1813584,WYNN
2016-10-11,99.83,101.06,97.38,97.7,2791455,WYNN
2016-10-12,97.33,97.91,96.0,96.43,2034376,WYNN
2016-10-13,95.75,95.79,92.82,94.95,3060697,WYNN
2016-10-14,95.67,96.34,91.91,93.37,2885527,WYNN
2016-10-17,91.23,94.14,91.06,93.1,1887896,WYNN
2016-10-18,94.49,94.88,92.57,92.98,1183293,WYNN
2016-10-19,92.79,95.94,92.79,95.52,1852291,WYNN
2016-10-20,95.14,97.24,95.01,96.0,1498395,WYNN
2016-10-21,95.5,96.23,94.5,95.27,1927743,WYNN
2016-10-24,96.82,97.89,96.4,96.8,1500116,WYNN
2016-10-25,96.65,96.67,95.15,95.57,1172867,WYNN
2016-10-26,95.23,97.55,95.23,95.75,1804155,WYNN
2016-10-27,97.05,97.05,93.12,94.18,1850970,WYNN
2016-10-28,94.29,95.55,93.75,94.18,2079828,WYNN
2016-10-31,94.66,95.05,93.42,94.55,1341583,WYNN
2016-11-01,96.43,99.75,95.95,98.23,3722286,WYNN
2016-11-02,97.77,98.11,95.86,96.52,2542447,WYNN
2016-11-03,92.21,92.93,86.73,87.53,9050363,WYNN
2016-11-04,88.23,89.2,86.57,88.04,3223764,WYNN
2016-11-07,89.95,90.0,87.32,87.86,2792095,WYNN
2016-11-08,87.9,88.48,86.18,86.67,3439413,WYNN
2016-11-09,85.35,88.53,84.6,87.84,2799065,WYNN
2016-11-10,89.16,89.65,84.8,85.3,3564909,WYNN
2016-11-11,84.79,85.53,82.51,84.98,3252570,WYNN
2016-11-14,84.5,85.99,82.76,84.51,2480650,WYNN
2016-11-15,84.95,87.55,84.88,86.87,2288989,WYNN
2016-11-16,86.78,87.92,85.9,86.57,1826073,WYNN
2016-11-17,87.79,90.66,87.35,90.44,3636867,WYNN
2016-11-18,91.23,94.0,90.89,92.35,3224745,WYNN
2016-11-21,94.71,98.45,94.25,97.38,5209692,WYNN
2016-11-22,97.06,98.31,96.0,98.1,2690278,WYNN
2016-11-23,97.95,101.53,97.55,101.32,4268352,WYNN
2016-11-25,101.51,102.2,100.47,101.55,1170433,WYNN
2016-11-28,101.41,103.15,100.76,102.0,2746211,WYNN
2016-11-29,101.18,102.55,99.2,99.79,2687208,WYNN
2016-11-30,101.8,104.9,101.52,101.99,2618280,WYNN
2016-12-01,101.0,101.0,97.33,99.27,3881878,WYNN
2016-12-02,98.0,99.6,97.4,98.64,1956209,WYNN
2016-12-05,99.56,100.39,97.97,98.37,1678578,WYNN
2016-12-06,99.0,102.3,98.75,102.18,2892115,WYNN
2016-12-07,101.28,102.09,100.05,101.99,1769534,WYNN
2016-12-08,102.23,102.23,90.0,90.72,12682416,WYNN
2016-12-09,96.41,96.49,91.15,91.88,9967063,WYNN
2016-12-12,92.28,92.49,90.08,91.5,3363060,WYNN
2016-12-13,93.13,94.75,92.02,93.5,3743289,WYNN
2016-12-14,93.75,94.47,91.45,92.16,3537505,WYNN
2016-12-15,91.82,92.48,90.39,90.88,3120907,WYNN
2016-12-16,91.04,92.15,90.43,91.9,4106703,WYNN
2016-12-19,92.0,92.71,89.85,90.12,3142082,WYNN
2016-12-20,90.33,91.06,88.0,88.31,4095955,WYNN
2016-12-21,89.1,89.7,88.0,89.27,2455352,WYNN
2016-12-22,89.01,89.19,87.7,88.25,2077618,WYNN
2016-12-23,87.81,89.0,87.74,88.34,1256917,WYNN
2016-12-27,88.63,89.22,88.01,88.24,1483432,WYNN
2016-12-28,88.23,88.67,86.62,87.08,1671645,WYNN
2016-12-29,87.07,87.52,86.74,87.17,984629,WYNN
2016-12-30,87.1,87.45,85.57,86.51,1888502,WYNN
2017-01-03,87.2,87.89,86.2,87.46,2704248,WYNN
2017-01-04,87.71,90.46,87.71,90.28,2598815,WYNN
2017-01-05,90.8,92.33,90.64,91.44,2507510,WYNN
2017-01-06,91.08,92.63,90.81,92.43,1858477,WYNN
2017-01-09,93.88,95.0,92.62,92.75,2776249,WYNN
2017-01-10,93.67,95.47,93.36,94.83,3056006,WYNN
2017-01-11,94.32,94.76,92.03,92.93,2207316,WYNN
2017-01-12,92.63,92.8,90.22,91.94,1904095,WYNN
2017-01-13,92.5,92.5,90.5,90.53,1527135,WYNN
2017-01-17,90.5,93.2,89.6,92.34,2008589,WYNN
2017-01-18,92.88,92.88,91.35,91.98,1202451,WYNN
2017-01-19,91.84,92.35,90.51,90.93,1144071,WYNN
2017-01-20,91.31,92.21,90.78,90.82,955216,WYNN
2017-01-23,90.89,93.63,90.89,92.64,2323334,WYNN
2017-01-24,92.87,94.44,92.51,94.03,1775754,WYNN
2017-01-25,94.6,97.24,94.6,96.42,2881460,WYNN
2017-01-26,96.0,99.35,95.2,95.5,5216124,WYNN
2017-01-27,102.0,104.05,101.0,103.08,7967416,WYNN
2017-01-30,102.72,104.39,102.1,102.55,2483369,WYNN
2017-01-31,102.15,102.45,100.89,101.43,1827534,WYNN
2017-02-01,99.56,100.09,97.77,97.86,3025417,WYNN
2017-02-02,97.33,98.08,96.56,97.38,1698709,WYNN
2017-02-03,97.68,98.5,96.7,96.92,1888810,WYNN
2017-02-06,98.25,99.3,95.99,97.02,2828753,WYNN
2017-02-07,96.87,97.29,96.53,97.01,1903166,WYNN
2017-02-08,96.98,97.23,96.33,97.18,1061765,WYNN
2017-02-09,97.56,99.17,97.3,98.88,1764328,WYNN
2017-02-10,99.03,100.2,98.52,98.9,2314945,WYNN
2017-02-13,98.88,99.42,98.2,98.97,1621225,WYNN
2017-02-14,100.51,100.66,97.6,97.68,1876153,WYNN
2017-02-15,97.44,100.29,96.91,99.79,1924887,WYNN
2017-02-16,99.59,99.6,96.57,96.72,2812990,WYNN
2017-02-17,96.21,96.34,95.02,95.91,1989132,WYNN
2017-02-21,96.2,96.38,95.05,95.97,1551028,WYNN
2017-02-22,95.89,95.97,94.31,94.75,1975149,WYNN
2017-02-23,95.16,95.28,93.6,93.84,2079355,WYNN
2017-02-24,93.25,94.06,92.67,94.01,1935303,WYNN
2017-02-27,94.44,96.24,94.28,95.51,1694362,WYNN
2017-02-28,95.22,97.75,94.81,96.15,2094135,WYNN
2017-03-01,99.9,103.71,99.62,102.71,6088520,WYNN
2017-03-02,102.67,102.67,99.74,100.15,2754098,WYNN
2017-03-03,100.02,101.52,99.08,101.04,1783573,WYNN
2017-03-06,100.78,101.14,99.52,100.37,1206049,WYNN
2017-03-07,99.78,100.17,98.25,99.46,2462419,WYNN
2017-03-08,99.38,100.31,98.76,99.23,1205891,WYNN
2017-03-09,98.82,99.74,98.41,98.99,1081649,WYNN
2017-03-10,99.17,100.52,98.82,99.55,1485803,WYNN
2017-03-13,101.95,104.71,101.5,104.3,3454131,WYNN
2017-03-14,104.2,105.83,103.75,104.7,2777068,WYNN
2017-03-15,104.82,104.98,103.13,104.75,2129438,WYNN
2017-03-16,105.0,108.6,103.78,106.17,4709989,WYNN
2017-03-17,107.27,110.31,106.7,110.19,3913548,WYNN
2017-03-20,110.0,113.85,110.0,111.64,5013333,WYNN
2017-03-21,112.99,113.95,110.55,111.75,4163683,WYNN
2017-03-22,111.86,113.52,111.3,113.35,2473009,WYNN
2017-03-23,113.29,114.08,111.78,112.32,2302579,WYNN
2017-03-24,112.75,113.26,110.89,111.92,1666343,WYNN
2017-03-27,110.81,115.77,110.18,114.65,3487176,WYNN
2017-03-28,114.98,116.19,113.89,115.18,2147973,WYNN
2017-03-29,114.87,115.99,114.55,115.49,1213306,WYNN
2017-03-30,115.29,115.73,113.8,114.3,1686358,WYNN
2017-03-31,113.34,114.93,112.7,114.61,1979622,WYNN
2017-04-03,117.82,119.8,115.87,116.34,3477240,WYNN
2017-04-04,116.0,116.86,115.27,116.74,1668147,WYNN
2017-04-05,118.27,119.43,116.51,116.68,3103612,WYNN
2017-04-06,116.18,118.57,116.08,117.85,1953882,WYNN
2017-04-07,117.77,117.95,116.3,116.83,1582839,WYNN
2017-04-10,116.3,117.56,115.32,116.18,1293244,WYNN
2017-04-11,116.41,116.75,113.86,116.23,1934890,WYNN
2017-04-12,116.63,117.07,114.74,115.39,1654623,WYNN
2017-04-13,115.05,115.34,112.91,113.47,2553386,WYNN
2017-04-17,113.77,115.2,113.69,114.64,3059290,WYNN
2017-04-18,114.0,116.06,113.82,115.89,1753083,WYNN
2017-04-19,115.75,116.6,114.74,114.94,1207565,WYNN
2017-04-20,116.18,116.7,115.4,116.15,2107813,WYNN
2017-04-21,116.25,116.37,114.4,115.9,4250160,WYNN
2017-04-24,116.98,117.0,115.22,115.57,2350248,WYNN
2017-04-25,115.73,118.34,115.73,118.22,4245472,WYNN
2017-04-26,123.3,127.2,121.57,125.19,6282743,WYNN
2017-04-27,125.22,125.96,124.0,124.5,2448277,WYNN
2017-04-28,125.04,125.04,122.97,123.01,1522802,WYNN
2017-05-01,123.99,126.99,123.25,125.92,2138706,WYNN
2017-05-02,126.51,126.57,124.86,125.3,1497498,WYNN
2017-05-03,125.24,126.17,124.54,125.85,1322795,WYNN
2017-05-04,126.12,126.45,123.88,124.32,1423263,WYNN
2017-05-05,123.48,123.83,119.84,122.14,3086107,WYNN
2017-05-08,120.79,121.62,119.17,120.2,2901946,WYNN
2017-05-09,120.44,123.9,120.23,123.46,2917392,WYNN
2017-05-10,122.55,123.38,121.68,123.27,1236345,WYNN
2017-05-11,123.36,123.36,121.71,122.23,1051336,WYNN
2017-05-12,124.68,127.14,124.18,125.29,2374865,WYNN
2017-05-15,124.79,126.47,124.26,125.69,1396356,WYNN
2017-05-16,126.43,129.03,126.05,127.91,2408092,WYNN
2017-05-17,126.23,126.65,122.39,122.62,2715980,WYNN
2017-05-18,120.55,123.75,120.52,122.42,1652610,WYNN
2017-05-19,123.03,124.94,120.47,121.73,3181985,WYNN
2017-05-22,123.56,125.82,123.0,125.16,1979767,WYNN
2017-05-23,125.84,127.58,123.89,124.15,1908411,WYNN
2017-05-24,124.19,124.68,123.32,124.0,1102732,WYNN
2017-05-25,124.03,124.84,123.67,124.44,1000290,WYNN
2017-05-26,124.45,127.32,124.45,125.73,1354115,WYNN
2017-05-30,125.73,127.59,125.36,126.58,1617255,WYNN
2017-05-31,126.86,128.83,125.5,128.7,1697071,WYNN
2017-06-01,131.8,135.26,130.75,133.59,4059335,WYNN
2017-06-02,134.45,134.93,133.19,134.68,2293563,WYNN
2017-06-05,134.35,134.8,132.5,133.28,1423684,WYNN
2017-06-06,133.51,134.34,132.29,132.6,1892399,WYNN
2017-06-07,133.27,133.27,131.17,132.31,2371847,WYNN
2017-06-08,133.44,134.96,132.5,134.73,2609640,WYNN
2017-06-09,134.53,135.09,127.6,129.59,3109725,WYNN
2017-06-12,128.67,132.35,128.03,130.25,1921240,WYNN
2017-06-13,132.46,134.6,132.07,134.16,1665861,WYNN
2017-06-14,134.41,135.26,132.59,133.49,1235916,WYNN
2017-06-15,131.46,134.35,130.85,134.04,1257091,WYNN
2017-06-16,134.41,136.98,133.91,134.46,1806881,WYNN
2017-06-19,136.6,138.79,136.11,138.42,1824783,WYNN
2017-06-20,138.1,138.52,136.32,137.13,1359731,WYNN
2017-06-21,137.03,138.44,136.59,137.46,897205,WYNN
2017-06-22,137.37,137.96,135.98,137.05,1126918,WYNN
2017-06-23,136.59,138.4,136.05,138.32,1455918,WYNN
2017-06-26,138.5,139.67,136.75,137.15,1174513,WYNN
2017-06-27,137.0,138.75,135.33,135.63,1729826,WYNN
2017-06-28,135.98,136.68,134.01,135.94,1268380,WYNN
2017-06-29,135.8,135.82,131.08,132.76,1779554,WYNN
2017-06-30,133.14,135.06,131.7,134.12,1455011,WYNN
2017-07-03,132.8,132.9,128.82,131.01,2005726,WYNN
2017-07-05,131.6,132.89,130.03,132.42,1212958,WYNN
2017-07-06,132.04,132.82,130.83,130.91,1276881,WYNN
2017-07-07,130.8,133.44,129.5,132.46,1334840,WYNN
2017-07-10,132.7,135.15,132.42,134.95,1119774,WYNN
2017-07-11,134.99,135.9,133.02,134.29,1391307,WYNN
2017-07-12,135.57,136.53,135.12,135.27,1183371,WYNN
2017-07-13,136.2,136.33,134.5,134.98,953767,WYNN
2017-07-14,129.53,131.84,127.01,130.42,4478298,WYNN
2017-07-17,130.0,131.33,128.9,129.85,2157384,WYNN
2017-07-18,129.96,133.71,129.93,133.55,1740728,WYNN
2017-07-19,134.29,135.18,131.9,133.17,1359390,WYNN
2017-07-20,133.26,133.43,131.7,132.0,1008800,WYNN
2017-07-21,132.19,135.6,132.18,134.14,1646717,WYNN
2017-07-24,136.23,139.45,135.54,138.53,2813967,WYNN
2017-07-25,139.09,139.66,136.67,138.98,3743184,WYNN
2017-07-26,132.0,133.0,128.44,132.0,8653785,WYNN
2017-07-27,132.33,133.13,127.34,128.02,4513355,WYNN
2017-07-28,127.85,131.13,127.65,128.6,2730547,WYNN
2017-07-31,129.56,131.33,128.55,129.34,2479024,WYNN
2017-08-01,130.13,130.36,127.42,128.0,2424129,WYNN
2017-08-02,127.84,127.91,124.16,125.95,2906678,WYNN
2017-08-03,126.2,127.19,125.2,126.34,1238564,WYNN
2017-08-04,126.57,127.9,125.87,127.51,1034676,WYNN
2017-08-07,128.32,130.45,128.0,130.23,1707363,WYNN
2017-08-08,130.65,131.69,129.39,130.07,1791698,WYNN
2017-08-09,129.56,130.07,128.44,129.85,1789319,WYNN
2017-08-10,129.0,129.52,125.93,126.02,2174338,WYNN
2017-08-11,125.57,126.37,124.11,125.63,1235237,WYNN
